Date,SPHIX,MLUHYCL(PI),LHMUN1Y(P),FMNDX,FBNDX,LBUSTRUU.Index.x,FCSTX,LMBITR.Index,LFRAMBS(P),FMSFX
1/5/15,9.25,79.95,106.17,10.04,7.69,104.145951,10.59,109.00009,105.617,11.31
1/6/15,9.24,79.763,106.16,10.04,7.69,103.922756,10.6,108.94823,105.717,11.32
1/7/15,9.21,79.599,106.2,10.04,7.7,104.035138,10.6,109.0554,105.711,11.32
1/8/15,9.19,79.412,106.19,10.04,7.71,104.360895,10.61,108.97555,105.769,11.32
1/9/15,9.17,79.202,106.16,10.04,7.68,104.529791,10.61,108.64078,105.671,11.31
1/13/15,9.16,79.116,106.15,10.04,7.69,104.591499,10.61,108.65342,105.77,11.32
1/14/15,9.19,79.361,106.14,10.04,7.73,104.626156,10.62,108.65589,105.857,11.33
1/15/15,9.2,79.395,106.12,10.04,7.74,104.956544,10.63,108.5457,105.902,11.33
1/16/15,9.2,79.453,106.09,10.04,7.72,104.988838,10.64,108.49144,105.991,11.34
1/20/15,9.21,79.472,106.08,10.04,7.72,104.863233,10.63,108.57691,105.99,11.34
1/21/15,9.19,79.472,106.08,10.04,7.73,104.891473,10.64,108.71633,105.99,11.36
1/22/15,9.14,79.274,106.07,10.04,7.74,104.835117,10.64,108.80301,106.051,11.36
1/23/15,9.12,78.712,106.34,10.04,7.74,104.488379,10.64,108.98879,106.173,11.34
1/27/15,9.12,78.518,106.34,10.04,7.72,104.431041,10.65,109.18976,105.934,11.34
1/28/15,9.11,78.519,106.3,10.04,7.75,104.642148,10.66,109.51549,105.905,11.34
1/29/15,8.99,78.515,106.29,10.04,7.75,104.653762,10.67,109.52557,105.983,11.32
1/30/15,8.95,78.413,106.27,10.04,7.74,104.757808,10.68,109.41889,105.794,11.33
2/2/15,8.89,78.169,106.27,10.04,7.75,104.699026,10.67,109.54061,105.932,11.34
2/3/15,8.85,77.683,106.26,10.04,7.76,104.590419,10.67,109.70267,105.97,11.35
2/4/15,8.82,77.359,106.22,10.04,7.76,104.835243,10.67,109.8086,106.065,11.35
2/5/15,8.76,77.153,106.21,10.04,7.77,105.124056,10.67,110.08246,106.02,11.37
2/6/15,8.71,76.667,106.2,10.04,7.79,105.148964,10.67,110.21321,106.215,11.35
2/9/15,8.65,76.255,106.21,10.04,7.78,105.152206,10.68,110.22875,105.988,11.37
2/10/15,8.71,75.779,106.21,10.04,7.77,105.21545,10.67,110.25279,106.113,11.34
2/12/15,8.83,76.253,106.16,10.04,7.77,105.262965,10.68,110.1196,105.969,11.34
2/13/15,8.87,77.158,106.07,10.04,7.78,105.114652,10.68,110.00788,105.924,11.34
2/18/15,8.88,77.386,106.04,10.04,7.79,104.960466,10.68,110.09629,105.977,11.34
2/23/15,8.9,77.549,106.02,10.04,7.77,105.129519,10.68,110.11495,105.951,11.31
2/24/15,8.9,77.641,105.98,10.04,7.76,105.509961,10.68,110.214,105.718,11.32
2/25/15,8.9,77.656,105.97,10.04,7.78,105.640985,10.68,110.33599,105.711,11.32
2/26/15,8.9,77.656,105.97,10.04,7.78,105.529653,10.68,110.34602,105.711,11.33
2/27/15,8.9,77.655,105.98,10.04,7.79,105.441993,10.69,110.48109,105.782,11.34
3/2/15,8.9,77.684,105.95,10.04,7.78,105.584048,10.69,110.50182,105.876,11.35
3/3/15,8.9,77.675,105.93,10.04,7.78,105.452357,10.69,110.2463,105.908,11.37
3/4/15,8.87,77.675,105.93,10.04,7.78,105.35768,10.69,110.09597,105.978,11.39
3/5/15,8.83,77.675,105.93,10.04,7.78,105.421256,10.69,110.05913,105.978,11.41
3/9/15,8.86,77.662,106.2,10.04,7.8,105.519674,10.69,109.70561,106.23,11.39
3/10/15,8.88,77.41,106.2,10.04,7.81,105.907584,10.7,109.6332,106.439,11.38
3/11/15,8.89,77.128,106.19,10.04,7.82,105.8,10.71,109.36885,106.617,11.39
3/12/15,8.89,77.34,106.16,10.04,7.82,105.749008,10.71,109.23567,106.421,11.39
3/13/15,8.89,77.639,106.16,10.04,7.83,105.457186,10.72,109.1909,106.34,11.39
3/16/15,8.86,77.722,106.16,10.04,7.81,105.172571,10.72,109.14538,106.401,11.42
3/17/15,8.87,77.647,106.15,10.04,7.81,105.12643,10.71,109.00162,106.433,11.43
3/18/15,8.86,77.647,106.15,10.04,7.8,105.252584,10.71,109.06123,106.471,11.4
3/19/15,8.86,77.423,106.11,10.05,7.78,105.174022,10.7,109.04699,106.581,11.39
3/20/15,8.86,77.484,106.1,10.05,7.78,105.083383,10.69,109.04302,106.689,11.39
3/23/15,8.88,77.402,106.1,10.05,7.78,104.958819,10.69,109.04634,106.425,11.39
3/24/15,8.89,77.402,106.1,10.05,7.79,104.951965,10.7,109.06556,106.425,11.4
3/25/15,8.89,77.409,106.12,10.05,7.81,105.211751,10.7,109.09538,106.326,11.39
3/26/15,8.88,77.398,106.1,10.05,7.81,105.105738,10.7,109.12215,106.252,11.4
3/27/15,8.9,77.521,106.09,10.05,7.79,105.140805,10.71,109.09936,106.334,11.41
3/30/15,8.89,77.615,106.08,10.05,7.8,104.850653,10.7,109.01738,106.46,11.41
3/31/15,8.89,77.653,106.07,10.05,7.77,105.031137,10.69,108.85332,106.312,11.43
4/1/15,8.88,77.639,106.06,10.05,7.77,105.061569,10.67,108.81853,106.35,11.43
4/8/15,8.91,77.789,106.04,10.05,7.78,105.048041,10.66,108.79914,106.505,11.42
4/9/15,8.92,77.782,106.04,10.05,7.78,105.044665,10.65,108.4344,106.458,11.42
4/10/15,8.94,77.781,106.03,10.05,7.78,105.188981,10.65,108.42575,106.65,11.42
4/13/15,8.96,77.778,106.17,10.06,7.8,105.318581,10.65,108.45052,106.789,11.39
4/15/15,8.95,77.997,106.16,10.06,7.8,105.486692,10.65,108.46416,106.622,11.39
4/16/15,8.96,78.084,106.12,10.06,7.79,105.437119,10.66,108.62267,106.548,11.38
4/17/15,8.95,78.239,106.1,10.05,7.79,105.512765,10.65,108.63649,106.625,11.37
4/20/15,8.96,78.439,106.09,10.06,7.79,105.336425,10.65,108.68001,106.377,11.39
4/21/15,8.97,78.404,106.08,10.06,7.77,105.024481,10.65,108.80284,106.405,11.38
4/22/15,8.98,78.42,106.07,10.06,7.78,104.889738,10.65,109.01,106.261,11.35
4/23/15,8.99,78.407,106.02,10.06,7.8,104.973052,10.66,109.31357,106.245,11.37
4/24/15,8.99,78.477,106.01,10.06,7.82,105.188,10.67,109.36124,106.353,11.36
4/27/15,8.99,78.529,105.99,10.06,7.82,105.272506,10.67,109.35336,106.318,11.35
4/28/15,9,78.529,105.99,10.06,7.82,105.321354,10.67,109.34195,106.318,11.36
4/30/15,9.02,78.573,106.03,10.06,7.84,105.398551,10.68,109.33726,105.905,11.38
5/7/15,9.03,78.666,105.99,10.06,7.85,105.224594,10.69,109.21997,106.085,11.38
5/8/15,9.05,78.664,105.98,10.06,7.84,105.17897,10.69,109.20245,106.007,11.37
5/11/15,9.06,78.725,105.97,10.06,7.84,105.186961,10.69,109.20666,105.92,11.39
5/12/15,9.06,78.773,105.96,10.06,7.84,105.455845,10.7,109.18599,105.999,11.37
5/13/15,9.05,78.905,105.94,10.06,7.81,105.395947,10.7,109.28278,106.199,11.35
5/14/15,9.03,79.015,105.89,10.05,7.81,105.407094,10.7,109.28109,106.214,11.36
5/15/15,9.03,79.164,105.88,10.05,7.81,105.487114,10.71,109.27835,106.083,11.37
5/18/15,9.01,79.2,105.87,10.05,7.83,105.470199,10.7,109.22264,106.218,11.33
5/19/15,9,79.196,106.04,10.05,7.83,105.222353,10.7,109.12834,106.119,11.34
5/20/15,8.96,79.098,106.02,10.05,7.83,105.384716,10.7,109.1201,105.957,11.35
5/21/15,8.97,78.954,105.98,10.05,7.83,105.274462,10.7,109.11407,106.012,11.36
5/22/15,8.98,78.955,105.98,10.05,7.83,105.410846,10.7,109.18739,106.079,11.35
5/26/15,8.95,78.745,105.95,10.05,7.84,104.971572,10.69,109.29556,105.697,11.35
5/27/15,8.94,78.621,105.94,10.05,7.86,104.950976,10.69,109.28569,105.783,11.36
5/28/15,8.92,78.331,105.91,10.05,7.86,105.259347,10.7,109.28351,105.956,11.36
5/29/15,8.92,78.408,105.88,10.05,7.86,105.303475,10.7,109.27136,105.985,11.41
6/1/15,8.94,78.449,105.88,10.05,7.87,105.311224,10.7,109.19123,106.007,11.39
6/2/15,8.95,78.209,105.87,10.05,7.87,105.293465,10.7,108.99774,105.96,11.4
6/3/15,8.96,78.073,105.89,10.05,7.88,105.484101,10.71,108.94815,105.983,11.4
6/4/15,8.96,77.883,105.86,10.05,7.87,105.4616,10.71,108.98649,106.029,11.42
6/5/15,8.97,77.856,105.84,10.04,7.86,105.426457,10.71,108.97213,106.333,11.41
6/9/15,8.96,78.07,105.84,10.05,7.87,105.332739,10.71,108.85056,106.254,11.39
6/10/15,8.96,78.139,105.83,10.05,7.9,105.498018,10.72,108.64374,106.345,11.4
6/11/15,8.97,78.166,105.82,10.05,7.91,105.643929,10.73,108.43631,106.387,11.4
6/12/15,8.98,78.239,105.81,10.05,7.9,105.8693,10.73,108.16292,106.449,11.41
6/15/15,8.98,78.295,105.78,10.05,7.9,105.621168,10.73,107.94593,106.332,11.43
6/16/15,8.99,78.212,105.77,10.05,7.91,105.525256,10.73,108.02673,106.093,11.42
6/17/15,9,78.256,105.76,10.05,7.9,105.417121,10.72,108.13622,106.236,11.43
6/18/15,9.03,78.314,105.75,10.05,7.89,105.53272,10.72,107.98164,106.242,11.43
6/19/15,9.04,78.34,105.73,10.05,7.9,105.507069,10.72,108.21702,106.384,11.42
6/22/15,9.04,78.342,105.9,10.05,7.9,105.547045,10.72,107.79586,106.7,11.42
6/23/15,9.05,78.372,105.88,10.05,7.93,105.711572,10.73,107.72702,106.553,11.42
6/24/15,9.05,78.372,105.85,10.05,7.92,105.840628,10.74,107.73427,106.723,11.43
6/25/15,9.04,78.477,105.84,10.05,7.92,105.820483,10.74,107.58481,106.6,11.44
6/26/15,9.06,78.674,105.83,10.05,7.9,105.549182,10.73,107.47033,106.594,11.44
6/29/15,9.06,78.81,105.8,10.05,7.88,105.600492,10.73,107.36677,106.597,11.44
6/30/15,9.05,78.8,105.8,10.05,7.88,105.401395,10.72,107.42699,106.494,11.44
7/2/15,9.05,78.855,105.79,10.05,7.89,105.31747,10.72,107.42542,106.476,11.43
7/6/15,9.05,78.902,105.78,10.05,7.89,105.28097,10.72,107.5934,106.59,11.43
7/7/15,9.06,78.879,105.77,10.05,7.88,105.104791,10.71,107.62068,106.666,11.41
7/8/15,9.05,79.008,105.74,10.05,7.88,104.906402,10.71,107.68474,106.661,11.42
7/9/15,9.06,79.024,105.73,10.05,7.88,104.927119,10.7,107.84083,106.693,11.43
7/10/15,9.06,78.937,105.72,10.05,7.89,104.550446,10.7,107.74805,106.684,11.42
7/13/15,9.06,78.978,105.71,10.05,7.88,104.621492,10.7,107.54569,106.591,11.41
7/14/15,9.04,79.011,105.7,10.05,7.88,104.623119,10.7,107.31596,106.579,11.4
7/15/15,9.04,78.978,105.53,10.05,7.86,104.534477,10.7,107.38158,106.415,11.4
7/16/15,9.04,78.972,105.51,10.05,7.88,104.458367,10.7,107.14977,106.429,11.38
7/17/15,9.04,79.028,105.49,10.05,7.88,104.637455,10.7,107.15603,106.524,11.37
7/21/15,9.04,79.027,105.48,10.05,7.88,104.740326,10.7,107.13011,106.469,11.36
7/22/15,9.02,78.981,105.48,10.05,7.88,104.866844,10.7,107.01992,106.305,11.35
7/23/15,9.01,78.858,105.44,10.05,7.89,104.692208,10.71,107.15984,106.217,11.37
7/24/15,9.04,78.848,105.42,10.05,7.9,104.940315,10.72,107.24114,106.211,11.39
7/27/15,9.04,78.847,105.64,10.05,7.91,104.795708,10.72,107.32757,106.19,11.35
7/28/15,9.01,78.882,105.63,10.05,7.91,104.900912,10.73,107.45176,106.069,11.35
7/29/15,9.02,78.857,105.62,10.05,7.91,104.798401,10.72,107.39308,105.952,11.35
7/30/15,9.03,78.705,105.59,10.05,7.9,105.381905,10.72,107.3324,105.805,11.37
7/31/15,9.04,78.635,105.57,10.05,7.88,105.24128,10.71,107.46093,106.008,11.39
8/3/15,9.04,78.808,105.56,10.05,7.87,105.207211,10.7,107.38846,106.203,11.36
8/4/15,9.03,78.77,105.55,10.05,7.88,105.344464,10.7,107.28355,105.729,11.34
8/5/15,9.03,78.506,105.53,10.05,7.89,105.663977,10.7,107.28059,105.725,11.35
8/6/15,9.04,78.627,105.47,10.05,7.89,105.796815,10.7,107.30315,105.668,11.37
8/7/15,9.04,78.65,105.45,10.05,7.89,105.774558,10.7,107.19358,105.856,11.36
8/10/15,9.04,78.735,105.48,10.05,7.9,105.811332,10.7,107.45015,106.114,11.37
8/11/15,9.04,78.673,105.45,10.05,7.89,106.227442,10.7,107.42645,105.848,11.37
8/12/15,9.04,78.612,105.43,10.05,7.89,106.727501,10.7,107.29695,105.707,11.38
8/13/15,9.04,78.551,105.39,10.05,7.89,106.346352,10.7,107.32122,105.742,11.38
8/14/15,9.03,78.631,105.38,10.05,7.91,106.23034,10.71,107.56464,105.877,11.36
8/17/15,9.03,78.623,105.37,10.05,7.9,106.319748,10.72,107.6808,105.634,11.33
8/18/15,9.01,78.623,105.37,10.05,7.9,106.237687,10.72,107.70654,105.634,11.28
8/19/15,8.99,78.622,105.36,10.05,7.9,106.130025,10.72,107.58601,105.787,11.31
8/20/15,8.97,78.644,105.34,10.05,7.91,105.876932,10.73,107.40168,105.811,11.26
8/21/15,8.96,78.634,105.32,10.05,7.89,105.836603,10.73,107.38508,105.848,11.28
8/24/15,8.93,78.647,105.31,10.05,7.9,105.908329,10.73,107.39436,105.932,11.26
8/25/15,8.93,78.609,105.57,10.05,7.89,105.787309,10.73,107.46285,105.797,11.24
8/26/15,8.95,78.521,105.52,10.05,7.9,105.590197,10.74,107.49043,105.506,11.29
8/27/15,8.93,78.385,105.49,10.05,7.87,105.669715,10.73,107.56035,105.062,11.27
8/28/15,8.91,78.23,105.48,10.05,7.86,105.544713,10.73,107.56046,105.254,11.27
8/31/15,8.9,77.979,105.46,10.05,7.88,105.514983,10.73,107.63746,104.853,11.29
9/1/15,8.9,77.884,105.45,10.05,7.88,105.517103,10.73,107.75125,105.008,11.3
9/2/15,8.91,77.671,105.45,10.05,7.88,105.480098,10.73,107.85597,104.842,11.31
9/4/15,8.93,77.694,105.41,10.05,7.88,105.329288,10.74,107.88842,104.575,11.32
9/8/15,8.94,77.811,105.4,10.05,7.9,105.603436,10.74,107.97772,104.979,11.28
9/9/15,8.93,77.726,105.39,10.05,7.89,105.35977,10.75,107.95244,104.87,11.27
9/10/15,8.93,77.515,105.39,10.05,7.89,105.377221,10.75,107.85715,104.842,11.28
9/11/15,8.92,77.417,105.38,10.05,7.89,105.41338,10.75,107.85193,104.966,11.27
9/14/15,8.91,77.505,105.36,10.06,7.9,105.513181,10.75,107.97935,105.093,11.23
9/15/15,8.86,77.571,105.35,10.06,7.91,105.422458,10.75,108.05862,105.05,11.28
9/16/15,8.86,77.675,105.34,10.06,7.93,105.440029,10.76,108.02955,105.306,11.28
9/18/15,8.88,77.74,105.33,10.06,7.91,105.28659,10.76,107.87442,104.839,11.24
9/24/15,8.88,77.679,105.32,10.06,7.91,105.387914,10.76,107.92519,104.641,11.26
9/29/15,8.85,77.622,105.29,10.06,7.9,105.508049,10.76,108.01501,104.779,11.29
9/30/15,8.84,77.541,105.29,10.06,7.91,105.566747,10.76,107.91649,104.678,11.3
10/5/15,8.83,77.382,105.28,10.06,7.91,105.783498,10.76,108.07872,104.276,11.31
10/6/15,8.84,76.997,105.29,10.06,7.91,105.872623,10.76,108.084,104.767,11.29
10/7/15,8.85,77.016,105.23,10.06,7.92,106.008438,10.76,108.02009,104.843,11.26
10/8/15,8.86,77.161,105.75,10.06,7.93,105.950675,10.76,107.98631,104.555,11.25
10/9/15,8.87,77.182,105.75,10.06,7.94,105.609435,10.76,108.00682,104.707,11.27
10/13/15,8.88,77.182,105.75,10.06,7.94,105.593443,10.77,107.93949,104.707,11.28
10/14/15,8.88,76.932,105.77,10.06,7.91,105.727724,10.77,107.92681,105.047,11.29
10/15/15,8.86,76.778,104.96,10.06,7.92,105.426139,10.76,108.13415,105.129,11.29
10/16/15,8.85,76.661,104.93,10.06,7.9,105.631967,10.76,108.23414,105.227,11.28
10/19/15,8.83,76.713,104.93,10.06,7.9,105.733072,10.76,108.33996,104.922,11.29
10/20/15,8.79,76.788,105.74,10.06,7.89,105.918774,10.76,108.14101,104.548,11.3
10/23/15,8.78,76.859,105.73,10.06,7.88,105.834833,10.75,107.93307,104.535,11.31
10/26/15,8.76,76.877,105.72,10.06,7.86,106.137064,10.75,107.91603,104.75,11.3
10/27/15,8.72,76.955,105.72,10.06,7.86,105.947432,10.74,107.91436,104.925,11.32
10/28/15,8.73,76.94,105.71,10.06,7.84,106.060442,10.74,107.85806,104.904,11.31
10/29/15,8.77,76.74,105.71,10.06,7.84,105.792007,10.74,107.84867,104.944,11.3
10/30/15,8.79,76.598,105.7,10.06,7.84,105.650634,10.74,107.84118,104.848,11.3
11/2/15,8.79,76.368,105.69,10.06,7.83,105.745885,10.74,107.8963,104.977,11.34
11/4/15,8.78,76.046,105.66,10.06,7.84,105.807332,10.74,107.793,105.021,11.35
11/5/15,8.78,75.978,105.65,10.06,7.85,105.386321,10.74,107.6737,105.022,11.31
11/6/15,8.77,75.864,105.65,10.06,7.86,105.411372,10.74,107.61431,104.97,11.3
11/9/15,8.75,75.534,105.62,10.06,7.86,105.667497,10.75,107.60461,105.073,11.32
11/10/15,8.72,75.624,105.63,10.06,7.85,105.752735,10.75,107.60449,105.071,11.32
11/13/15,8.72,75.916,105.6,10.06,7.86,105.834036,10.75,107.49284,104.955,11.31
11/16/15,8.69,76.107,105.58,10.06,7.85,106.139681,10.75,107.43564,104.954,11.34
11/17/15,8.65,76.112,105.57,10.06,7.85,106.454668,10.75,107.59934,105.259,11.34
11/18/15,8.68,75.998,106.14,10.06,7.85,106.789589,10.75,107.93971,105.472,11.32
11/19/15,8.67,75.947,106.13,10.06,7.89,106.797605,10.75,107.92498,105.122,11.31
11/20/15,8.67,75.917,106.1,10.06,7.87,106.549714,10.76,108.00559,104.947,11.31
11/24/15,8.66,75.672,106.09,10.06,7.88,106.735773,10.75,107.99168,105.121,11.31
11/27/15,8.64,75.401,106.08,10.06,7.89,106.967004,10.75,108.16972,105.23,11.34
11/30/15,8.63,75.327,106.09,10.06,7.91,107.039809,10.75,108.12038,105.05,11.35
12/1/15,8.6,75.013,106.08,10.06,7.92,107.217392,10.76,108.24458,105.371,11.36
12/2/15,8.53,74.736,106.06,10.06,7.92,107.482171,10.77,108.36648,105.428,11.36
12/3/15,8.57,74.882,106.05,10.06,7.92,107.174954,10.78,108.35964,105.171,11.34
12/4/15,8.56,74.853,106.1,10.06,7.94,107.216653,10.78,108.41904,105.044,11.32
12/7/15,8.6,74.816,106.11,10.06,7.95,107.013546,10.79,108.61572,105.104,11.33
12/8/15,8.61,74.752,106.11,10.06,7.96,106.907799,10.81,108.52534,105.035,11.32
12/9/15,8.61,74.585,106.07,10.06,7.95,107.221726,10.81,108.49671,105.365,11.31
12/10/15,8.59,74.41,106.07,10.06,7.95,107.120089,10.8,108.44816,105.421,11.33
12/11/15,8.59,74.177,106.08,10.06,7.95,107.148174,10.79,108.40205,105.51,11.32
12/14/15,8.61,73.528,106.11,10.05,7.95,107.590231,10.78,108.31943,105.567,11.33
12/15/15,8.6,73.903,106.1,10.05,7.94,107.435181,10.77,108.38346,105.166,11.34
12/16/15,8.62,73.835,105.89,10.05,7.93,107.788741,10.77,108.5019,105.168,11.32
12/17/15,8.63,74.166,105.89,10.05,7.93,107.892165,10.77,108.47991,105.19,11.33
12/18/15,8.62,74.282,105.88,10.05,7.93,107.418446,10.78,108.497,105.157,11.32
12/21/15,8.62,74.34,105.87,10.05,7.92,107.354848,10.78,108.48631,105.087,11.33
12/22/15,8.61,74.235,106,10.05,7.91,107.251205,10.77,108.45228,105.263,11.33
12/24/15,8.61,74.28,105.98,10.05,7.91,106.670543,10.77,108.48575,105.145,11.29
12/28/15,8.58,74.443,105.96,10.05,7.91,106.633249,10.76,108.52778,105.288,11.3
12/29/15,8.58,74.398,105.96,10.05,7.91,106.424213,10.76,108.42569,105.343,11.35
12/30/15,8.56,74.398,105.96,10.05,7.9,106.429537,10.75,108.46995,105.343,11.36
1/4/16,8.55,74.543,105.95,10.05,7.9,106.50127,10.75,108.6252,105.184,11.33
1/5/16,8.5,74.709,105.92,10.05,7.89,106.348389,10.74,108.62133,105.273,11.35
1/6/16,8.49,74.659,105.9,10.05,7.91,105.774666,10.74,108.50892,105.157,11.34
1/7/16,8.44,74.637,105.88,10.05,7.89,106.157397,10.74,108.52023,105.237,11.34
1/8/16,8.43,74.58,105.88,10.05,7.89,105.984802,10.74,108.49669,105.239,11.33
1/12/16,8.33,74.513,105.88,10.05,7.89,105.864832,10.74,108.40882,104.892,11.35
1/13/16,8.3,74.305,105.85,10.05,7.9,106.190765,10.74,108.39056,104.871,11.36
1/14/16,8.29,74.256,105.85,10.05,7.9,106.547443,10.74,108.34878,105.323,11.37
1/15/16,8.28,74.142,105.87,10.05,7.89,106.612339,10.74,108.04091,105.546,11.37
1/19/16,8.25,74.037,105.85,10.05,7.89,106.377436,10.74,107.89641,105.214,11.39
1/20/16,8.3,73.597,105.84,10.05,7.88,106.454717,10.74,107.89245,105.437,11.38
1/21/16,8.34,73.545,105.81,10.04,7.89,106.142863,10.74,107.88467,105.353,11.38
1/22/16,8.4,73.118,105.8,10.04,7.9,105.967319,10.74,107.99832,105.354,11.38
1/25/16,8.42,72.972,105.79,10.04,7.91,105.978549,10.74,108.03159,105.18,11.36
1/27/16,8.46,72.173,105.8,10.04,7.92,106.055514,10.74,108.10733,105.307,11.36
1/28/16,8.46,71.909,105.79,10.04,7.93,105.376662,10.75,108.23969,105.447,11.37
1/29/16,8.45,72.002,105.77,10.04,7.94,105.565762,10.75,108.42431,105.464,11.37
2/1/16,8.44,71.843,106.16,10.04,7.92,105.835588,10.76,108.47882,105.654,11.39
2/2/16,8.43,71.574,106.18,10.04,7.9,105.90597,10.75,108.51741,105.818,11.39
2/3/16,8.46,72.039,106.17,10.04,7.9,105.968743,10.75,108.56738,105.67,11.39
2/4/16,8.46,72.378,106.11,10.04,7.91,105.862135,10.76,108.61039,105.712,11.39
2/5/16,8.48,72.923,106.05,10.04,7.89,105.871496,10.74,108.60865,105.685,11.37
2/12/16,8.48,73.015,106.04,10.04,7.9,105.999488,10.75,108.64738,105.519,11.38
2/16/16,8.46,73.404,106.02,10.04,7.9,106.557436,10.75,108.84192,105.514,11.39
2/17/16,8.48,73.404,106.02,10.04,7.91,106.430613,10.75,108.88308,105.514,11.37
2/18/16,8.47,73.259,106.01,10.04,7.9,106.625135,10.75,108.66494,105.588,11.37
2/19/16,8.46,73.191,105.98,10.04,7.92,106.678805,10.75,108.68885,105.835,11.38
2/22/16,8.47,73.165,105.98,10.04,7.9,106.854385,10.75,108.77255,105.752,11.36
2/23/16,8.47,73.354,105.97,10.04,7.91,106.644698,10.75,108.85352,105.753,11.33
2/24/16,8.46,73.391,105.97,10.04,7.89,106.216721,10.75,108.88421,105.752,11.35
2/25/16,8.47,73.551,105.95,10.04,7.89,106.553584,10.73,108.97143,105.631,11.34
2/26/16,8.48,73.581,105.92,10.04,7.91,106.483782,10.73,109.18396,105.713,11.33
2/29/16,8.47,73.503,105.91,10.04,7.91,106.648615,10.73,109.0381,105.811,11.32
3/1/16,8.45,73.696,105.9,10.04,7.88,107.058233,10.72,108.87442,105.622,11.32
3/2/16,8.42,73.644,105.89,10.05,7.89,106.867886,10.72,108.84311,105.643,11.29
3/3/16,8.38,73.512,105.89,10.05,7.89,106.938761,10.72,108.9932,105.751,11.27
3/4/16,8.35,73.553,105.9,10.04,7.91,106.962353,10.72,109.10181,105.447,11.28
3/8/16,8.35,73.548,105.88,10.04,7.91,106.650442,10.72,109.13382,105.175,11.27
3/9/16,8.31,73.528,105.88,10.04,7.92,106.660997,10.73,109.08218,105.297,11.28
3/10/16,8.28,73.619,106.06,10.04,7.93,106.745391,10.74,109.07865,105.358,11.3
3/11/16,8.26,73.717,106.02,10.03,7.94,106.903991,10.74,109.08057,105.242,11.3
3/14/16,8.28,73.702,105.99,10.03,7.97,106.905367,10.76,109.08344,105.09,11.3
3/15/16,8.28,73.486,105.97,10.02,7.97,106.97184,10.76,109.08375,105.088,11.3
3/16/16,8.26,73.186,105.89,10.02,7.96,107.065503,10.75,109.09631,104.809,11.31
3/17/16,8.24,72.867,105.86,10.02,7.98,106.82344,10.76,109.36813,104.663,11.29
3/18/16,8.23,72.69,105.76,10.02,7.98,106.769277,10.77,109.50699,104.723,11.29
3/22/16,8.21,72.69,105.76,10.02,7.98,106.472358,10.78,109.87182,104.723,11.29
3/23/16,8.22,72.322,105.73,10.01,7.99,106.587054,10.79,109.98153,104.67,11.29
3/29/16,8.22,72.063,105.72,10.02,8.02,106.678629,10.79,109.97875,104.83,11.3
3/30/16,8.22,71.877,105.75,10.01,7.99,106.631471,10.8,109.87961,104.858,11.31
3/31/16,8.24,72.116,105.74,10.01,8,106.353317,10.81,109.88401,104.892,11.33
4/1/16,8.25,72.028,105.7,10,7.98,106.041994,10.81,109.86655,104.895,11.31
4/5/16,8.22,71.759,105.7,10,7.98,105.964124,10.8,109.81129,104.97,11.27
4/6/16,8.2,71.577,105.69,10,8.01,105.364431,10.81,109.98401,104.842,11.29
4/7/16,8.17,71.485,105.67,10,8,105.066883,10.81,109.97841,104.808,11.3
4/8/16,8.12,71.338,105.64,10,8.01,105.298853,10.81,110.13328,104.797,11.3
4/11/16,8.09,71.399,105.63,10.01,8.03,105.503492,10.82,110.07411,104.797,11.3
4/12/16,8.08,71.399,105.63,10.01,8.02,104.874358,10.82,109.93705,104.797,11.29
4/13/16,7.98,71.386,105.62,10.01,8.05,104.922018,10.82,109.95082,104.829,11.32
4/18/16,7.88,71.46,105.61,10.01,8.05,104.829047,10.82,109.95074,104.902,11.28
4/20/16,7.95,71.612,105.85,10.01,8.02,105.01492,10.82,109.89799,105.211,11.27
4/21/16,7.96,71.692,105.81,10.01,8.02,105.469889,10.82,109.93737,105.122,11.27
4/22/16,7.96,71.419,105.8,10,8.02,105.043968,10.82,110.10959,104.559,11.28
4/26/16,7.91,71.24,105.78,10,7.98,104.840397,10.81,110.13036,104.823,11.29
4/27/16,7.91,70.913,105.74,10,7.98,104.853411,10.8,110.28441,105.015,11.28
4/28/16,7.89,70.425,105.73,10,7.97,105.122283,10.79,110.33089,104.927,11.25
5/6/16,7.92,70.345,105.71,10,7.96,104.827644,10.78,110.4099,105.003,11.24
5/9/16,7.93,70.222,105.69,10,7.97,105.228097,10.78,110.43664,104.816,11.24
5/10/16,7.93,69.448,105.68,10,7.96,105.23811,10.78,110.60553,105.067,11.25
5/11/16,7.94,68.465,105.64,10,7.93,105.263476,10.77,110.6459,104.739,11.23
5/12/16,7.95,69.009,105.64,10,7.95,105.411012,10.77,110.62667,104.624,11.23
5/13/16,7.95,69.202,105.61,10,7.95,104.970384,10.77,110.84883,104.567,11.25
5/16/16,7.92,69.16,105.6,10,7.94,104.612901,10.77,110.69088,104.728,11.26
5/17/16,7.95,68.666,105.59,10,7.96,104.160981,10.77,110.61005,104.837,11.26
5/18/16,7.95,68.594,105.58,10.01,7.99,104.461274,10.77,110.38577,104.798,11.28
5/19/16,7.92,68.719,105.53,10.01,7.99,103.960957,10.76,110.38974,104.568,11.3
5/20/16,7.93,68.964,105.52,10.01,7.97,104.079871,10.76,110.38184,104.458,11.31
5/23/16,7.9,69.006,105.51,10.01,7.99,103.848955,10.76,110.32833,104.511,11.29
5/24/16,7.88,69.006,105.51,10.01,7.96,103.527539,10.75,110.19792,104.511,11.31
5/25/16,7.85,69.003,105.52,10.01,7.96,103.994377,10.74,110.19379,104.581,11.32
5/26/16,7.8,69.15,105.47,10.02,7.96,103.940241,10.73,110.20211,104.371,11.31
5/27/16,7.72,69.167,105.46,10.02,7.96,103.991145,10.73,110.00471,104.423,11.33
5/31/16,7.71,69.197,105.45,10.02,7.91,104.144302,10.71,110.0108,104.61,11.32
6/1/16,7.61,69.197,105.45,10.02,7.92,104.208413,10.71,109.85477,104.61,11.33
6/2/16,7.65,68.915,105.71,10.02,7.93,104.030408,10.71,109.75652,104.725,11.33
6/3/16,7.72,69.123,105.7,10.02,7.93,104.383778,10.71,109.66469,104.718,11.32
6/6/16,7.73,69.109,105.7,10.02,7.93,103.892316,10.72,109.53975,104.961,11.33
6/7/16,7.74,68.833,105.69,10.02,7.92,103.664069,10.72,109.53551,105.054,11.34
6/8/16,7.75,68.895,105.71,10.02,7.92,103.862051,10.72,109.62545,105.142,11.34
6/10/16,7.77,68.667,105.72,10.02,7.92,103.757131,10.73,109.59029,105.094,11.35
6/14/16,7.79,68.529,105.72,10.02,7.98,103.332313,10.74,109.57568,105.259,11.37
6/15/16,7.77,68.231,105.71,10.02,7.96,103.934801,10.75,109.55872,105.293,11.35
6/16/16,7.73,67.829,105.7,10.02,7.98,103.961344,10.76,109.53514,105.212,11.37
6/17/16,7.7,67.056,105.7,10.02,7.99,103.606339,10.76,109.51812,105.388,11.37
6/20/16,7.69,67.056,105.7,10.02,8.01,103.777561,10.76,109.55138,105.388,11.37
6/21/16,7.66,67.05,105.69,10.02,7.99,104.268983,10.76,109.6902,105.331,11.37
6/22/16,7.57,66.083,105.7,10.02,7.96,104.463527,10.75,109.72679,105.448,11.38
6/23/16,7.52,66.393,105.68,10.02,7.98,104.601796,10.75,109.69079,105.404,11.39
6/24/16,7.56,67.035,105.67,10.02,7.98,104.116938,10.75,109.69387,105.352,11.4
6/27/16,7.47,67.144,105.66,10.02,7.99,103.565236,10.75,109.76388,105.402,11.41
6/28/16,7.51,67.217,105.65,10.03,8.02,103.528406,10.75,109.73874,105.477,11.38
6/29/16,7.54,67.32,105.63,10.03,8,103.675589,10.75,109.90957,105.472,11.38
6/30/16,7.61,67.473,105.63,10.02,8.01,103.905385,10.76,109.97446,105.597,11.37
7/5/16,7.63,67.682,105.68,10.02,8.02,103.887656,10.75,110.1725,105.732,11.39
7/7/16,7.62,67.539,105.86,10.02,8.02,103.937884,10.75,110.25175,105.634,11.39
7/8/16,7.64,67.185,105.86,10.02,8,103.771783,10.75,110.27637,105.889,11.38
7/11/16,7.63,67.019,105.85,10.02,8,103.922668,10.74,110.56084,105.826,11.38
7/12/16,7.62,67.081,105.89,10.03,8.01,104.000461,10.74,110.56948,105.862,11.38
7/13/16,7.65,66.85,105.89,10.03,8.02,104.16351,10.74,110.77489,105.816,11.39
7/14/16,7.71,65.989,105.88,10.03,8.02,104.125804,10.74,110.79158,105.953,11.38
7/15/16,7.73,65.641,105.87,10.03,8.02,104.260326,10.74,110.76152,106.006,11.38
7/19/16,7.78,65.83,105.83,10.03,8.03,104.185725,10.74,110.70015,106.086,11.37
7/20/16,7.84,65.078,105.84,10.03,8.01,104.065465,10.74,110.71561,106.229,11.36
7/21/16,7.87,65.429,105.84,10.03,8.01,104.123415,10.74,110.7177,105.885,11.37
7/22/16,7.91,65.429,105.84,10.03,7.98,104.409953,10.73,110.78217,105.885,11.36
7/25/16,7.92,65.737,105.89,10.03,7.99,104.70173,10.73,110.80307,105.893,11.35
7/26/16,7.92,66.244,105.86,10.03,8.01,104.364591,10.73,110.83358,105.84,11.36
7/27/16,7.91,66.51,105.85,10.03,8.01,104.089302,10.73,110.83674,105.994,11.34
7/28/16,7.94,66.328,105.83,10.03,7.98,104.223708,10.73,110.63852,105.987,11.34
7/29/16,8,66.628,105.82,10.03,7.96,104.45709,10.72,110.60119,105.913,11.33
8/1/16,8.01,66.614,105.81,10.03,7.96,104.154985,10.71,110.59098,105.918,11.34
8/2/16,7.98,66.423,105.77,10.02,7.94,104.616436,10.71,110.53383,105.923,11.33
8/3/16,7.97,66.786,105.76,10.02,7.93,104.585875,10.71,110.57973,105.969,11.36
8/4/16,8.02,67.254,105.74,10.02,7.92,104.290545,10.7,110.70605,105.827,11.37
8/5/16,8.07,67.585,105.73,10.02,7.9,104.236854,10.69,110.73281,105.879,11.37
8/8/16,8.08,68.137,105.88,10.03,7.91,104.435904,10.69,110.96089,105.787,11.35
8/9/16,8.08,68.546,105.84,10.03,7.93,104.216176,10.7,110.97149,105.779,11.34
8/10/16,8.07,68.753,105.81,10.03,7.89,104.540769,10.69,111.00933,105.873,11.35
8/12/16,8.02,69.219,105.78,10.03,7.88,104.685349,10.69,111.07041,105.773,11.34
8/16/16,8.01,69.4,105.74,10.03,7.88,104.775974,10.68,111.09304,105.668,11.34
8/17/16,7.99,69.322,105.72,10.03,7.89,104.897267,10.68,111.10636,105.786,11.38
8/18/16,8.02,69.184,105.68,10.03,7.92,104.234143,10.68,111.19137,105.561,11.38
8/19/16,8.05,69.396,105.64,10.03,7.89,104.052696,10.67,111.19247,105.55,11.39
8/22/16,8.05,69.921,105.62,10.03,7.87,104.161744,10.67,111.23755,105.503,11.4
8/23/16,8.06,70.063,105.6,10.03,7.88,104.064452,10.66,111.24082,105.544,11.39
8/24/16,8.04,69.831,105.62,10.03,7.89,104.124698,10.66,111.29453,105.466,11.4
8/25/16,8.06,69.735,105.57,10.03,7.89,104.001913,10.66,111.04691,105.664,11.39
8/26/16,8.06,70.168,105.56,10.03,7.91,104.169019,10.66,110.98485,105.81,11.4
8/29/16,8.08,70.569,105.55,10.03,7.91,104.341174,10.66,110.9746,105.824,11.4
8/30/16,8.09,70.642,105.54,10.03,7.91,104.022867,10.67,110.9638,105.638,11.4
8/31/16,8.1,70.548,105.5,10.03,7.92,104.168632,10.67,110.87279,105.521,11.4
9/1/16,8.16,70.431,105.48,10.03,7.89,103.973279,10.67,110.79238,105.637,11.4
9/2/16,8.17,69.997,105.48,10.03,7.87,104.148854,10.66,110.77598,105.542,11.39
9/6/16,8.17,69.997,105.48,10.03,7.84,104.183676,10.65,110.7301,105.542,11.4
9/7/16,8.17,69.882,105.48,10.03,7.85,103.645283,10.65,110.7614,105.545,11.4
9/8/16,8.21,69.654,105.46,10.03,7.82,103.578978,10.64,110.80418,105.804,11.39
9/9/16,8.26,69.983,105.43,10.03,7.82,104.090885,10.64,110.86419,105.807,11.38
9/12/16,8.27,70.158,105.42,10.03,7.81,104.484112,10.64,111.02407,105.95,11.37
9/14/16,8.27,70.136,105.62,10.03,7.79,104.027267,10.63,111.02562,106.053,11.37
9/15/16,8.25,70.218,105.55,10.03,7.82,104.428362,10.64,111.10404,106.025,11.37
9/20/16,8.26,70.027,105.57,10.03,7.82,104.336881,10.64,111.15858,106.078,11.36
9/21/16,8.29,70.245,105.55,10.03,7.81,104.40826,10.65,111.38684,105.989,11.37
9/23/16,8.32,70.187,105.54,10.03,7.83,104.159709,10.65,111.59218,106.086,11.39
9/26/16,8.31,70.365,105.54,10.03,7.83,104.421517,10.65,111.60175,106.092,11.4
9/27/16,8.31,70.48,105.53,10.03,7.82,104.522777,10.65,111.76328,106.17,11.39
9/28/16,8.27,70.721,105.5,10.03,7.84,104.490126,10.66,111.80049,106.047,11.4
9/29/16,8.25,71.202,105.47,10.03,7.81,104.611877,10.66,112.00351,106.08,11.4
9/30/16,8.25,71.382,105.46,10.03,7.8,104.893654,10.65,111.96147,106.053,11.41
10/3/16,8.22,71.387,105.45,10.03,7.81,104.601515,10.65,111.7814,106.089,11.42
10/4/16,8.21,71.352,105.45,10.03,7.8,104.750118,10.66,111.7224,106.052,11.42
10/5/16,8.22,71.795,105.44,10.03,7.77,104.696238,10.66,111.67595,106.013,11.42
10/6/16,8.24,72.091,105.42,10.03,7.81,104.461098,10.67,111.55572,105.843,11.42
10/7/16,8.24,72.133,105.41,10.03,7.8,104.51746,10.67,112.30197,105.792,11.42
10/13/16,8.23,72.104,105.4,10.03,7.79,104.68548,10.66,112.57587,105.71,11.43
10/14/16,8.25,71.999,105.39,10.04,7.8,105.05942,10.66,112.47576,105.679,11.41
10/17/16,8.26,72.098,105.39,10.04,7.82,104.842067,10.68,112.41528,105.618,11.41
10/18/16,8.26,72.294,105.35,10.04,7.83,104.848701,10.69,112.39525,105.733,11.38
10/19/16,8.22,72.601,105.34,10.04,7.84,104.815287,10.69,112.57105,105.846,11.39
10/20/16,8.25,72.557,105.33,10.04,7.81,104.602865,10.69,112.75727,105.901,11.39
10/21/16,8.25,72.551,105.55,10.04,7.78,104.810527,10.68,112.79181,105.902,11.39
10/24/16,8.28,72.281,105.55,10.04,7.77,104.910184,10.68,112.71719,106.046,11.38
10/25/16,8.32,72.113,105.53,10.04,7.78,104.646714,10.68,112.70487,106.022,11.38
10/26/16,8.33,72.082,105.52,10.04,7.8,104.774421,10.68,112.65542,106.107,11.39
10/27/16,8.33,71.832,105.51,10.04,7.8,104.896048,10.68,112.44132,106.101,11.38
10/28/16,8.33,71.775,105.49,10.04,7.8,104.550157,10.68,112.43681,106.146,11.39
11/1/16,8.32,71.921,105.48,10.04,7.79,104.126821,10.68,112.30915,106.133,11.39
11/2/16,8.32,72.114,105.46,10.04,7.79,104.231047,10.69,112.13708,106.17,11.4
11/4/16,8.32,72.14,105.45,10.04,7.79,104.157602,10.69,112.13468,106.133,11.43
11/7/16,8.35,72.071,105.45,10.04,7.8,103.986915,10.69,112.13149,106.195,11.42
11/8/16,8.37,72.195,105.5,10.04,7.8,103.907158,10.69,112.08171,106.08,11.42
11/9/16,8.4,72.28,105.48,10.04,7.8,103.824037,10.7,112.02606,106.016,11.42
11/10/16,8.39,72.252,105.45,10.04,7.79,103.370672,10.69,112.04877,105.684,11.43
11/11/16,8.36,71.949,105.43,10.04,7.79,103.287794,10.69,112.09934,105.85,11.43
11/15/16,8.33,72.147,105.41,10.04,7.8,103.387505,10.69,112.12737,105.85,11.44
11/16/16,8.28,72.184,105.4,10.04,7.82,103.333208,10.69,112.24716,105.804,11.43
11/17/16,8.29,72.356,105.37,10.04,7.83,103.503449,10.69,112.29789,105.745,11.45
11/18/16,8.26,72.548,105.32,10.04,7.81,103.506054,10.69,112.33552,105.679,11.45
11/21/16,8.28,72.629,105.3,10.04,7.79,103.591307,10.68,112.39335,105.814,11.44
11/22/16,8.33,72.625,105.29,10.04,7.79,103.566927,10.68,112.25046,105.797,11.43
11/25/16,8.33,72.625,105.29,10.04,7.8,103.698445,10.69,112.25734,105.797,11.42
11/28/16,8.34,72.677,105.28,10.04,7.78,103.574717,10.69,112.39624,105.803,11.43
11/29/16,8.37,72.519,105.58,10.04,7.8,103.594249,10.69,112.29113,105.871,11.42
11/30/16,8.27,72.59,105.58,10.04,7.79,103.60474,10.69,112.25664,105.902,11.45
12/1/16,8.2,72.664,105.57,10.04,7.78,103.640556,10.69,112.2623,106.165,11.47
12/2/16,8.22,72.897,105.56,10.04,7.78,103.657162,10.69,112.35425,106.096,11.47
12/5/16,8.29,73.15,105.58,10.04,7.79,103.688778,10.69,112.33006,106.121,11.46
12/6/16,8.32,73.431,105.55,10.03,7.77,104.079038,10.68,112.45002,106.127,11.47
12/7/16,8.35,73.409,105.54,10.03,7.79,103.992461,10.68,112.44329,106.189,11.48
12/8/16,8.35,73.203,105.54,10.03,7.8,103.215876,10.69,112.41442,106.23,11.5
12/9/16,8.35,73.001,105.53,10.03,7.8,103.499213,10.7,112.41846,106.252,11.49
12/12/16,8.38,72.598,105.53,10.03,7.79,103.747421,10.71,112.47821,106.239,11.49
12/13/16,8.42,72.701,105.58,10.03,7.77,103.5959,10.7,112.36484,106.308,11.49
12/14/16,8.48,72.369,105.6,10.03,7.74,103.719339,10.69,112.4151,106.35,11.48
12/15/16,8.53,72.573,105.6,10.03,7.76,103.527706,10.69,112.44554,106.214,11.47
12/16/16,8.5,73.04,105.56,10.03,7.76,103.931577,10.69,112.43996,106.123,11.48
12/19/16,8.53,72.999,105.56,10.03,7.75,103.401184,10.69,112.4202,106.044,11.47
12/20/16,8.52,73.162,105.51,10.04,7.76,103.214173,10.69,112.43247,106.011,11.46
12/21/16,8.52,73.394,105.5,10.04,7.75,103.119894,10.68,112.43751,105.986,11.46
12/22/16,8.52,72.575,105.6,10.04,7.77,103.371479,10.68,112.38736,106.275,11.47
12/28/16,8.53,72.113,105.6,10.04,7.77,103.519394,10.68,112.28811,106.441,11.46
12/29/16,8.54,72.297,105.6,10.04,7.75,103.474499,10.68,112.21723,106.416,11.46
12/30/16,8.54,72.835,105.55,10.04,7.77,103.237251,10.67,112.22035,106.375,11.46
1/4/17,8.54,73.047,105.54,10.04,7.75,103.11072,10.67,112.27635,106.447,11.45
1/5/17,8.52,73.312,106.15,10.04,7.76,103.187625,10.67,112.18053,106.616,11.45
1/6/17,8.5,73.312,106.15,10.04,7.76,102.863213,10.67,112.01042,106.616,11.47
1/10/17,8.49,73.347,106.16,10.04,7.73,102.91381,10.67,111.90485,106.747,11.47
1/11/17,8.48,73.33,106.12,10.04,7.72,103.101911,10.66,111.69885,106.674,11.49
1/12/17,8.48,73.626,106.11,10.04,7.76,103.236342,10.67,111.63579,106.637,11.48
1/13/17,8.46,73.983,106.1,10.04,7.78,103.20778,10.69,111.50665,106.668,11.47
1/17/17,8.46,74.419,106.08,10.04,7.74,103.568391,10.69,111.481,106.591,11.47
1/18/17,8.5,74.822,106.07,10.04,7.75,103.638154,10.69,111.48411,106.495,11.49
1/19/17,8.53,74.624,106.03,10.05,7.75,103.739374,10.69,111.47004,106.552,11.47
1/20/17,8.55,74.793,106.02,10.05,7.74,103.612599,10.7,111.40618,106.473,11.46
1/23/17,8.59,74.76,106.04,10.05,7.72,103.889243,10.71,111.52219,106.364,11.48
1/24/17,8.6,74.735,106.04,10.05,7.72,103.995887,10.71,111.59705,106.356,11.49
1/25/17,8.59,74.739,106.02,10.05,7.72,103.755289,10.72,111.61409,106.42,11.47
1/27/17,8.6,74.822,105.99,10.05,7.73,104.018982,10.72,111.7047,106.378,11.48
2/1/17,8.62,74.879,105.98,10.05,7.73,103.948703,10.72,111.69873,106.346,11.47
2/2/17,8.63,74.883,105.97,10.05,7.74,104.076783,10.73,111.65474,106.308,11.46
2/3/17,8.63,74.858,105.96,10.05,7.74,103.900079,10.73,111.55542,106.209,11.47
2/6/17,8.64,74.696,105.98,10.05,7.75,103.813633,10.73,111.4753,106.177,11.48
2/7/17,8.63,74.65,105.99,10.05,7.76,103.872476,10.73,111.35381,106.295,11.47
2/8/17,8.63,74.562,106,10.05,7.75,103.973653,10.73,111.1921,106.335,11.47
2/9/17,8.64,74.483,106,10.05,7.76,103.944473,10.73,110.99401,106.462,11.47
2/10/17,8.65,74.434,106.47,10.05,7.77,104.016142,10.73,110.85492,106.523,11.47
2/13/17,8.65,74.273,106.47,10.05,7.77,104.278598,10.73,110.69342,106.422,11.47
2/14/17,8.65,74.3,106.43,10.05,7.79,104.091335,10.73,110.50211,106.427,11.46
2/15/17,8.65,74.578,106.43,10.05,7.78,104.548565,10.73,110.47837,106.554,11.47
2/16/17,8.66,74.807,106.41,10.05,7.78,104.452696,10.73,110.32065,106.416,11.47
2/17/17,8.66,74.956,106.41,10.05,7.78,104.51104,10.73,110.32128,106.401,11.47
2/21/17,8.65,75.205,106.4,10.05,7.76,104.543737,10.73,110.31689,106.501,11.47
2/22/17,8.66,75.248,106.36,10.05,7.78,104.966189,10.73,110.22999,106.593,11.47
2/23/17,8.67,75.263,106.35,10.05,7.79,104.903169,10.73,110.32363,106.444,11.48
2/27/17,8.67,75.32,106.34,10.05,7.77,105.020583,10.73,110.37909,106.518,11.49
2/28/17,8.68,75.443,106.38,10.05,7.78,105.146842,10.73,110.38303,106.417,11.48
3/1/17,8.65,75.541,106.38,10.05,7.78,104.64685,10.74,110.35163,106.347,11.46
3/2/17,8.63,75.549,106.34,10.05,7.76,104.596108,10.74,110.05474,106.413,11.47
3/3/17,8.6,75.614,106.35,10.05,7.74,104.410109,10.73,110.11355,106.495,11.46
3/6/17,8.6,75.611,106.32,10.05,7.75,104.744276,10.73,110.18747,106.365,11.47
3/7/17,8.59,75.596,106.31,10.05,7.74,104.745299,10.73,110.188,106.37,11.47
3/8/17,8.58,75.702,106.29,10.05,7.73,104.729475,10.72,110.26478,106.39,11.47
3/9/17,8.59,75.715,106.24,10.05,7.73,104.834998,10.72,110.32708,106.394,11.46
3/10/17,8.59,75.683,106.23,10.05,7.73,104.825184,10.72,110.38221,106.381,11.46
3/14/17,8.6,75.712,106.21,10.05,7.69,105.055178,10.7,110.37864,106.232,11.47
3/15/17,8.65,75.722,106.21,10.05,7.68,104.718884,10.69,110.36091,106.364,11.48
3/16/17,8.66,75.782,106.18,10.05,7.68,104.825251,10.69,109.65001,106.357,11.48
3/17/17,8.64,75.731,106.06,10.05,7.67,104.516879,10.69,109.21635,106.36,11.49
3/21/17,8.63,75.673,106.2,10.05,7.67,104.543241,10.69,108.03455,106.444,11.49
3/22/17,8.65,75.714,106.13,10.04,7.67,104.701172,10.69,107.74769,106.413,11.49
3/23/17,8.66,75.714,106.13,10.04,7.67,104.482136,10.69,107.49293,106.413,11.49
3/24/17,8.68,75.817,106.07,10.04,7.68,104.440591,10.7,107.40312,106.549,11.48
3/27/17,8.68,75.869,106.05,10.04,7.68,104.765968,10.7,107.23704,106.6,11.48
3/28/17,8.69,75.895,106.02,10.04,7.68,104.514644,10.71,107.05132,106.476,11.47
3/29/17,8.7,75.589,105.99,10.04,7.67,104.430064,10.71,106.85762,106.332,11.47
3/30/17,8.7,75.388,105.97,10.04,7.67,104.32575,10.71,106.63921,106.357,11.46
3/31/17,8.7,75.14,105.93,10.04,7.67,104.473087,10.71,106.66972,106.306,11.46
4/3/17,8.7,75.105,105.9,10.04,7.67,104.464345,10.71,106.547,106.433,11.45
4/5/17,8.7,75.107,105.87,10.04,7.67,104.651418,10.71,106.2024,106.446,11.45
4/6/17,8.69,75.013,105.87,10.04,7.68,104.892175,10.71,105.73261,106.426,11.45
4/7/17,8.67,75.07,105.84,10.04,7.7,105.071702,10.72,105.31279,106.348,11.46
4/10/17,8.69,75.093,105.82,10.04,7.69,104.816504,10.72,105.39309,106.325,11.45
4/11/17,8.69,75.189,105.76,10.04,7.64,104.78715,10.71,105.57196,106.401,11.46
4/12/17,8.71,75.593,105.75,10.04,7.65,105.122179,10.71,105.91262,106.5,11.47
4/13/17,8.73,75.596,105.73,10.04,7.65,104.941767,10.71,106.68527,106.488,11.47
4/18/17,8.74,75.492,105.72,10.04,7.64,105.344531,10.72,106.66821,106.578,11.46
4/19/17,8.74,75.454,105.71,10.04,7.64,105.299007,10.72,106.634,106.593,11.47
4/20/17,8.75,75.56,105.66,10.04,7.63,105.554859,10.72,106.50951,106.559,11.46
4/21/17,8.75,75.718,105.66,10.04,7.63,105.572946,10.73,106.46476,106.548,11.46
4/24/17,8.72,75.811,105.63,10.04,7.59,105.63899,10.72,106.49292,106.46,11.45
4/26/17,8.69,75.854,105.87,10.04,7.58,105.876167,10.72,105.88175,106.57,11.44
4/27/17,8.66,75.926,105.84,10.04,7.58,105.737754,10.71,105.89838,106.445,11.45
4/28/17,8.63,76.012,105.8,10.04,7.59,106.055004,10.71,106.06451,106.405,11.45
5/2/17,8.59,76.042,105.77,10.04,7.59,105.874333,10.72,106.07696,106.348,11.45
5/8/17,8.56,76.053,105.75,10.04,7.59,105.900523,10.72,106.15767,106.317,11.46
5/9/17,8.57,76.053,105.75,10.04,7.58,105.666666,10.72,106.22999,106.317,11.46
5/10/17,8.54,76.035,105.74,10.04,7.57,105.795891,10.72,106.33387,106.204,11.46
5/11/17,8.59,75.993,105.7,10.04,7.58,105.72862,10.72,106.47329,106.177,11.45
5/12/17,8.59,75.896,105.69,10.04,7.59,105.888238,10.72,106.61241,106.279,11.44
5/15/17,8.56,76.017,105.67,10.04,7.56,105.782436,10.72,106.66489,106.192,11.38
5/16/17,8.54,76.021,105.67,10.04,7.57,105.777486,10.72,106.73202,106.207,11.35
5/17/17,8.54,76.176,105.66,10.03,7.58,105.476508,10.72,106.86732,106.26,11.36
5/18/17,8.46,76.332,105.63,10.03,7.59,105.422158,10.73,107.11455,106.254,11.3
5/19/17,8.51,76.416,105.68,10.03,7.59,105.329873,10.74,107.16971,106.265,11.31
5/22/17,8.52,76.392,105.69,10.03,7.61,105.244956,10.76,107.28535,106.269,11.32
5/23/17,8.54,76.437,105.68,10.03,7.61,105.121401,10.77,107.431,106.205,11.3
5/24/17,8.52,76.428,105.66,10.03,7.62,105.435252,10.77,107.5288,106.114,11.26
5/25/17,8.53,76.233,105.62,10.03,7.59,105.55839,10.76,107.85093,106.05,11.26
5/26/17,8.55,76.066,105.61,10.03,7.6,105.682632,10.76,107.818,105.933,11.26
5/31/17,8.55,75.898,105.6,10.02,7.61,105.813061,10.76,107.95083,105.95,11.23
6/1/17,8.55,75.643,105.61,10.02,7.59,105.845053,10.76,107.86139,105.945,11.21
6/2/17,8.56,75.325,105.81,10.02,7.59,106.005042,10.77,107.45234,106.1,11.25
6/5/17,8.55,75.061,105.81,10.02,7.58,105.863781,10.77,107.11491,106.104,11.26
6/6/17,8.56,75.051,105.83,10.01,7.57,105.933277,10.78,107.13125,106.109,11.23
6/7/17,8.56,74.957,105.83,10.01,7.57,105.939521,10.78,107.09883,106.128,11.21
6/8/17,8.57,75.32,105.82,10.01,7.58,106.048378,10.77,106.91634,106.064,11.23
6/9/17,8.58,75.279,105.78,10.01,7.58,105.858851,10.77,106.85084,105.929,11.22
6/13/17,8.62,75.066,105.7,10.02,7.59,106.087532,10.77,106.92369,105.39,11.22
6/14/17,8.66,74.84,105.66,10.02,7.59,105.82457,10.77,106.95996,105.169,11.25
6/15/17,8.67,74.84,105.66,10.02,7.6,105.782496,10.77,107.08885,105.169,11.24
6/16/17,8.68,74.099,105.48,10.02,7.61,105.150802,10.79,107.01456,104.569,11.21
6/19/17,8.69,74.478,105.46,10.02,7.6,105.364593,10.79,107.07378,104.621,11.21
6/20/17,8.7,74.498,105.39,10.02,7.62,105.302186,10.79,107.09901,104.708,11.2
6/21/17,8.7,74.61,105.37,10.02,7.61,105.292234,10.8,107.21824,104.523,11.13
6/22/17,8.67,74.487,105.34,10.02,7.61,105.214839,10.81,107.32908,104.121,11.1
6/23/17,8.68,74.59,105.27,10.02,7.61,105.169994,10.81,107.45745,104.037,11.1
6/27/17,8.68,74.827,105.22,10.01,7.61,105.459843,10.82,107.37749,104.134,11.14
6/28/17,8.68,74.834,105.16,10.01,7.59,105.393659,10.82,107.28314,103.703,11.12
6/29/17,8.69,74.834,105.16,10.01,7.61,105.418636,10.82,107.19796,103.703,11.14
6/30/17,8.7,74.828,105.16,10.01,7.6,105.435409,10.83,107.02174,103.57,11.13
7/3/17,8.71,74.894,105.13,10.01,7.57,105.599613,10.83,106.7511,103.924,11.13
7/5/17,8.7,74.837,105.07,10.01,7.57,106.10081,10.83,106.83828,104.022,11.12
7/6/17,8.7,74.94,104.98,10.01,7.57,105.999522,10.82,106.96357,103.828,11.15
7/7/17,8.71,74.934,105.1,10.01,7.6,106.075085,10.82,106.98032,103.524,11.18
7/10/17,8.71,74.97,105.1,10.01,7.6,106.143109,10.82,107.09535,103.832,11.2
7/11/17,8.73,75.105,105.11,10.01,7.61,106.291863,10.82,107.19898,103.786,11.2
7/12/17,8.77,75.325,105.13,10.01,7.62,106.435809,10.81,107.48509,103.78,11.2
7/13/17,8.79,75.623,105.17,10.01,7.61,106.492026,10.8,107.42521,103.983,11.24
7/14/17,8.8,75.722,105.17,10.01,7.63,106.437831,10.8,107.48701,103.932,11.21
7/17/17,8.79,75.841,105.17,10.01,7.62,106.541143,10.8,107.06906,103.589,11.22
7/18/17,8.8,75.925,105.15,10.01,7.64,106.674719,10.8,106.95078,103.561,11.22
7/19/17,8.79,76.019,105.15,10.01,7.63,106.390927,10.79,106.8465,103.547,11.23
7/20/17,8.78,76.005,105.15,10.01,7.64,106.22619,10.78,106.79269,103.278,11.23
7/21/17,8.79,75.686,105.04,10.01,7.66,106.107405,10.77,106.77717,102.685,11.2
7/24/17,8.79,75.646,105.04,10.01,7.66,106.140804,10.76,106.58541,102.486,11.23
7/25/17,8.78,75.684,105.05,10.01,7.66,105.92865,10.76,106.46827,102.742,11.18
7/26/17,8.77,75.711,105.04,10.01,7.68,106.528883,10.76,106.46597,102.713,11.16
7/27/17,8.77,75.776,105.01,10.01,7.66,107.088326,10.76,106.33943,102.853,11.17
7/28/17,8.77,75.822,105,10.02,7.66,107.105286,10.76,106.30794,102.758,11.2
7/31/17,8.78,75.873,105,10.02,7.67,107.097479,10.75,106.42165,102.756,11.17
8/1/17,8.8,75.873,105,10.02,7.68,107.063247,10.75,106.56127,102.756,11.14
8/2/17,8.8,75.924,105,10.02,7.67,107.371462,10.75,106.68337,102.645,11.15
8/3/17,8.81,75.959,104.98,10.02,7.69,107.868725,10.75,106.74776,102.969,11.16
8/4/17,8.81,75.989,105,10.02,7.71,107.748223,10.75,106.96607,103.249,11.16
8/7/17,8.8,76.008,104.99,10.02,7.74,107.804606,10.75,107.15512,103.534,11.17
8/8/17,8.81,76.008,104.99,10.02,7.73,107.92987,10.75,107.25446,103.534,11.17
8/9/17,8.81,76.172,105.2,10.02,7.72,107.680909,10.75,107.29542,103.502,11.18
8/10/17,8.82,76.437,105.2,10.02,7.74,107.362278,10.75,107.4412,103.372,11.18
8/11/17,8.83,76.598,105.23,10.01,7.72,107.60359,10.75,107.49759,103.813,11.2
8/14/17,8.83,76.633,105.23,10.02,7.72,107.301166,10.75,107.46751,103.562,11.21
8/16/17,8.82,76.627,105.25,10.02,7.75,107.00507,10.75,107.47699,103.664,11.23
8/17/17,8.82,76.696,105.27,10.02,7.75,107.025764,10.75,107.43904,103.669,11.21
8/18/17,8.82,76.645,105.27,10.02,7.77,107.1463,10.76,107.52138,103.771,11.21
8/21/17,8.83,76.61,105.29,10.02,7.77,107.027907,10.77,107.54645,103.806,11.2
8/22/17,8.83,76.649,105.31,10.02,7.77,107.087451,10.77,107.60254,103.589,11.18
8/23/17,8.85,76.649,105.31,10.02,7.78,107.034822,10.79,107.73896,103.589,11.16
8/24/17,8.85,76.635,105.35,10.02,7.77,106.95979,10.79,107.85035,103.768,11.19
8/28/17,8.84,76.591,105.34,10.02,7.79,106.954652,10.8,107.86988,103.414,11.2
8/29/17,8.87,76.511,105.32,10.02,7.78,107.197192,10.8,108.04552,103.114,11.19
8/30/17,8.89,76.454,105.28,10.02,7.78,107.199484,10.8,108.08955,103.185,11.2
8/31/17,8.9,76.406,105.26,10.02,7.77,107.466362,10.79,108.2282,103.492,11.21
9/1/17,8.9,76.475,105.25,10.02,7.79,107.333692,10.79,108.55817,103.167,11.24
9/5/17,8.91,76.634,105.21,10.02,7.79,107.082976,10.79,108.56661,102.824,11.22
9/6/17,8.91,76.687,105.19,10.02,7.8,107.06087,10.79,108.49728,102.913,11.21
9/7/17,8.94,76.737,105.2,10.02,7.8,107.312668,10.8,108.46526,103.042,11.17
9/8/17,8.93,76.655,105.18,10.02,7.81,106.911726,10.8,108.25746,103.078,11.15
9/11/17,8.92,76.63,105.22,10.02,7.8,106.946786,10.8,108.04615,103.192,11.16
9/12/17,8.9,76.708,105.38,10.02,7.8,107.178123,10.79,107.92527,103.117,11.16
9/13/17,8.87,76.767,105.38,10.02,7.8,107.379853,10.79,107.96544,103.2,11.14
9/14/17,8.84,76.931,105.37,10.02,7.79,107.007521,10.79,107.95062,103.102,11.12
9/15/17,8.8,76.961,105.36,10.01,7.78,107.292564,10.79,107.91304,103.438,11.08
9/18/17,8.81,76.971,105.38,10.01,7.81,107.10025,10.79,108.05783,103.499,11.09
9/19/17,8.79,76.876,105.4,10.01,7.84,106.992779,10.79,108.00307,103.707,11.07
9/20/17,8.74,76.869,105.38,10.01,7.84,107.104906,10.79,108.04482,103.476,11.07
9/21/17,8.78,76.914,105.38,10.01,7.82,107.254052,10.79,108.0595,103.436,11.14
9/22/17,8.83,76.967,105.37,10.01,7.84,106.993824,10.8,108.01092,103.335,11.12
9/25/17,8.82,76.991,105.35,10.01,7.84,107.188607,10.8,108.0402,103.182,11.14
9/26/17,8.8,77.019,105.34,10.01,7.85,107.184481,10.8,108.10344,102.967,11.16
9/27/17,8.8,77.006,105.32,10.01,7.83,107.159913,10.8,108.26397,103.22,11.18
9/28/17,8.77,76.971,105.32,10.01,7.83,107.049063,10.8,108.26809,103.342,11.19
9/29/17,8.78,76.971,105.32,10.01,7.84,106.751596,10.8,108.37743,103.342,11.18
10/3/17,8.8,77.113,105.32,10.01,7.85,107.05783,10.81,108.6904,103.249,11.18
10/4/17,8.79,77.209,105.34,10.01,7.84,107.061698,10.81,108.79742,103.259,11.19
10/6/17,8.82,77.318,105.36,10.01,7.85,107.128816,10.81,108.79241,103.399,11.17
10/9/17,8.84,77.313,105.38,10.01,7.84,106.97799,10.81,108.88812,103.708,11.19
10/10/17,8.87,77.392,105.35,10.01,7.84,107.255952,10.81,108.98811,103.43,11.17
10/11/17,8.88,77.421,105.4,10.01,7.8,107.25744,10.8,108.96032,103.406,11.19
10/12/17,8.88,77.607,105.47,10.01,7.8,106.826129,10.79,109.00226,102.958,11.23
10/13/17,8.88,77.558,105.46,10.01,7.81,106.462528,10.79,109.14714,102.802,11.22
10/16/17,8.89,77.438,105.44,10.01,7.8,106.449764,10.78,109.28586,102.793,11.23
10/17/17,8.89,77.26,105.42,10.01,7.8,106.120992,10.78,109.43497,102.837,11.23
10/18/17,8.89,77.014,105.41,10,7.81,106.330169,10.77,109.39257,102.726,11.21
10/19/17,8.9,76.736,105.37,10,7.83,106.287524,10.76,109.66862,102.502,11.21
10/23/17,8.89,76.371,105.34,10.01,7.82,106.268547,10.76,109.68991,102.176,11.24
10/24/17,8.89,76.396,105.33,10,7.82,106.280207,10.76,109.84768,102.256,11.26
10/25/17,8.89,76.188,105.3,10.01,7.82,106.333074,10.76,109.8437,102.024,11.27
10/26/17,8.88,75.861,105.25,10,7.84,106.439711,10.76,109.72208,102.061,11.26
10/27/17,8.87,76.152,105.26,10,7.87,106.68948,10.77,109.62014,102.64,11.29
10/30/17,8.88,76.498,105.25,10,7.87,106.732947,10.77,109.53385,102.605,11.28
10/31/17,8.88,76.473,105.25,10,7.88,106.8257,10.77,109.45401,102.708,11.26
11/1/17,8.89,76.374,105.23,10,7.9,106.969612,10.77,109.61909,102.818,11.26
11/2/17,8.91,76.245,105.24,10,7.9,106.924805,10.78,109.57958,103.015,11.25
11/3/17,8.92,75.993,105.23,10,7.91,106.985989,10.79,109.55109,103.216,11.22
11/6/17,8.93,76.101,105.23,10,7.9,106.715684,10.79,109.56666,103.042,11.23
11/7/17,8.93,76.221,105.22,10,7.88,106.734685,10.8,109.60825,103.103,11.24
11/8/17,8.94,76.115,105.22,10,7.9,106.4184,10.8,109.5518,103.21,11.25
11/9/17,8.94,76.31,105.2,10,7.89,106.27896,10.81,109.58862,102.95,11.24
11/10/17,8.96,76.576,105.2,10,7.89,106.178879,10.81,109.56015,103.113,11.26
11/13/17,8.95,76.786,105.2,10,7.88,106.165516,10.8,109.61153,103.017,11.24
11/14/17,8.93,76.855,105.19,10,7.87,106.03183,10.79,109.45214,103.177,11.23
11/15/17,8.93,76.836,105.37,10,7.89,105.961483,10.79,109.26652,103.45,11.24
11/16/17,8.93,76.813,105.36,10,7.88,106.186168,10.79,108.91313,103.487,11.22
11/17/17,8.95,76.955,105.34,10,7.9,105.926535,10.82,108.88733,103.431,11.21
11/20/17,8.95,76.936,105.35,10,7.92,106.070289,10.83,108.89252,103.511,11.21
11/21/17,8.96,76.982,105.35,10,7.93,106.171064,10.83,108.85368,103.33,11.21
11/22/17,8.96,77.011,105.34,10,7.93,106.184688,10.82,108.75628,103.316,11.24
11/24/17,8.97,76.969,105.32,10,7.95,106.201604,10.82,108.67845,103.648,11.24
11/27/17,8.98,76.915,105.32,10,7.98,106.050917,10.82,108.6985,103.64,11.25
11/28/17,8.96,76.889,105.31,10,8,106.038199,10.83,108.73049,103.928,11.3
11/29/17,8.95,76.889,105.31,10,8.01,105.851604,10.83,108.83694,103.928,11.28
11/30/17,8.98,76.847,105.31,10,8.01,105.577132,10.83,108.93783,103.867,11.28
12/1/17,8.98,76.802,105.32,10,8.02,105.554472,10.83,109.00885,104.117,11.28
12/4/17,8.98,76.881,105.29,10,8.02,105.620685,10.83,109.12635,104,11.26
12/5/17,8.98,76.885,105.28,10,8,105.759637,10.82,109.35936,103.787,11.28
12/6/17,8.98,76.921,105.26,10,8.02,105.795633,10.82,109.41811,103.797,11.28
12/7/17,8.98,77.078,105.23,10.01,8,105.699916,10.82,109.61221,103.644,11.28
12/8/17,8.99,77.174,105.21,10.01,7.99,105.812978,10.81,109.72481,103.329,11.29
12/11/17,8.99,77.254,105.17,10.01,7.99,105.648043,10.81,109.72923,103.411,11.29
12/12/17,9,77.25,105.17,10.01,7.99,105.472875,10.81,109.56681,103.546,11.29
12/13/17,9,77.322,105.16,10.01,7.99,104.414829,10.81,109.56649,103.615,11.32
12/14/17,9,77.318,105.47,10.01,7.99,104.17404,10.81,109.53658,103.492,11.31
12/15/17,9,77.375,105.46,10.01,7.99,103.524462,10.81,109.54165,103.648,11.32
12/18/17,8.99,77.367,105.44,10.01,7.99,103.528897,10.81,109.56733,103.565,11.31
12/19/17,8.97,77.174,105.42,10.01,7.98,103.644278,10.82,109.67719,103.395,11.3
12/20/17,8.97,77.117,105.42,10.02,8.01,103.367353,10.82,109.69846,103.457,11.29
12/21/17,8.97,77.121,105.41,10.02,8,102.989419,10.83,109.80874,103.377,11.28
12/22/17,8.98,77.185,105.4,10.02,8.02,102.950277,10.83,109.75831,103.22,11.28
12/27/17,8.98,77.233,105.39,10.02,8,103.021802,10.83,109.81869,103.155,11.31
12/28/17,8.96,77.277,105.38,10.02,7.98,102.77175,10.82,109.78491,103.146,11.29
12/29/17,8.95,77.293,105.4,10.02,7.98,102.696958,10.82,109.90598,103.514,11.29
1/2/18,8.96,77.383,105.46,10.02,8.01,102.981275,10.83,110.01264,103.512,11.28
1/3/18,8.93,77.433,105.46,10.02,7.99,103.118517,10.82,110.04099,103.572,11.29
1/4/18,8.89,77.332,105.45,10.02,8,102.825162,10.82,110.03826,104.07,11.28
1/5/18,8.89,77.242,105.46,10.02,8.02,102.463368,10.82,109.90203,103.918,11.29
1/8/18,8.9,77.413,105.45,10.02,8.04,102.761367,10.82,109.87335,103.835,11.29
1/9/18,8.91,77.486,105.45,10.02,8.02,102.76384,10.82,109.87364,103.817,11.29
1/10/18,8.92,77.546,105.46,10.02,8.04,102.723442,10.83,109.96616,103.672,11.27
1/11/18,8.92,77.568,105.4,10.02,8.03,103.000406,10.83,109.96331,103.789,11.27
1/12/18,8.92,77.602,105.38,10.02,8.02,102.81081,10.83,109.95708,103.87,11.26
1/16/18,8.92,77.575,105.39,10.02,8.03,102.406682,10.83,110.04762,103.857,11.24
1/17/18,8.93,77.575,105.39,10.02,8.04,102.387665,10.83,110.0343,103.857,11.22
1/18/18,8.93,77.604,105.39,10.02,8.03,102.403308,10.83,110.05274,103.964,11.23
1/19/18,8.91,77.604,105.37,10.02,8.05,102.161144,10.83,110.19958,104.032,11.22
1/22/18,8.89,77.679,105.66,10.02,8.05,101.81352,10.83,110.13262,103.972,11.22
1/23/18,8.89,77.744,105.66,10.02,8.05,101.699372,10.83,110.16129,104.138,11.23
1/24/18,8.9,77.74,105.64,10.02,8.04,102.007866,10.83,110.14511,104.076,11.23
1/25/18,8.92,77.718,105.65,10.02,8.03,101.907479,10.83,110.30804,104.213,11.25
1/29/18,8.94,77.63,105.62,10.02,8.05,102.072208,10.82,110.36134,104.128,11.24
1/30/18,8.95,77.541,105.59,10.02,8.04,102.030774,10.82,110.40925,104.057,11.25
1/31/18,8.97,77.578,105.57,10.02,8.04,102.071475,10.81,110.41763,103.986,11.25
2/1/18,8.98,77.599,105.55,10.02,8.04,102.253389,10.81,110.34877,103.877,11.27
2/2/18,8.99,77.675,105.53,10.03,8.03,102.450091,10.8,110.18072,103.877,11.27
2/5/18,9,77.693,105.5,10.02,8.06,102.697181,10.8,110.11191,104.114,11.26
2/6/18,9,77.579,105.51,10.02,8.06,102.685981,10.8,110.06252,103.918,11.28
2/7/18,9,77.509,105.5,10.02,8.03,102.670384,10.8,109.98714,103.935,11.28
2/8/18,9,77.542,105.49,10.02,8,103.163018,10.79,109.91549,103.817,11.24
2/9/18,9.01,77.355,105.47,10.02,7.99,102.849111,10.78,109.85954,103.953,11.26
2/12/18,9.01,77.154,105.44,10.02,7.97,103.05088,10.78,109.73902,103.89,11.26
2/14/18,9.01,77.109,105.42,10.02,7.98,103.031092,10.77,109.71651,103.886,11.27
2/15/18,9,77.15,105.4,10.02,7.97,103.094918,10.77,109.73633,103.925,11.27
2/20/18,9.01,77.227,105.4,10.02,7.98,103.126074,10.77,109.73601,103.944,11.29
2/21/18,9.01,77.274,105.37,10.02,7.97,102.990953,10.77,109.75065,103.722,11.29
2/22/18,9,77.28,105.3,10.02,7.98,103.279496,10.77,109.46272,103.715,11.3
2/23/18,8.99,77.273,105.22,10.02,8,102.901565,10.77,109.33905,103.547,11.29
2/26/18,8.99,77.286,105.21,10.02,8.02,102.542816,10.77,109.30404,103.383,11.29
2/27/18,8.98,77.298,105.7,10.02,8.02,102.548497,10.77,109.30292,103.209,11.28
2/28/18,8.95,77.298,105.7,10.02,8.03,102.914345,10.77,109.33829,103.209,11.29
3/1/18,8.92,77.277,105.65,10.02,8.03,102.533098,10.78,109.36698,103.295,11.3
3/5/18,8.91,77.145,105.62,10.02,8.04,102.226501,10.78,109.3545,103.187,11.3
3/6/18,8.93,76.976,105.57,10.02,8.04,102.34566,10.77,109.29948,103.113,11.3
3/7/18,8.92,76.984,105.59,10.02,8.03,102.499774,10.77,109.37812,103.224,11.28
3/8/18,8.93,76.992,105.6,10.02,8.03,102.472782,10.77,109.4384,103.255,11.29
3/9/18,8.92,77.181,105.6,10.02,8,102.60801,10.77,109.5396,103.467,11.31
3/12/18,8.91,77.227,105.61,10.02,8,102.507101,10.76,109.66018,103.427,11.3
3/13/18,8.91,77.352,105.61,10.02,7.99,102.544248,10.75,109.70698,103.477,11.3
3/14/18,8.92,77.48,105.61,10.02,8,102.427761,10.75,109.88716,103.502,11.29
3/15/18,8.92,77.558,105.63,10.02,7.98,102.828105,10.74,109.83264,103.655,11.31
3/16/18,8.93,77.667,105.65,10.02,7.98,102.940742,10.74,109.90528,103.637,11.3
3/19/18,8.93,77.75,105.66,10.02,7.98,103.174397,10.73,109.70998,103.634,11.31
3/20/18,8.93,77.719,105.68,10.02,7.99,102.88015,10.73,109.7016,103.769,11.31
3/21/18,8.93,77.711,105.67,10.02,7.98,102.813924,10.73,109.61475,103.709,11.32
3/22/18,8.94,77.76,105.65,10.02,7.99,102.705374,10.73,109.40663,103.415,11.32
3/23/18,8.96,77.827,105.6,10.02,8,102.51524,10.73,109.29387,103.625,11.33
3/26/18,8.96,77.808,105.63,10.02,8.01,102.309854,10.73,109.27759,103.569,11.32
3/27/18,8.96,77.806,105.62,10.02,8.01,102.595624,10.73,109.30749,103.64,11.35
3/28/18,8.97,77.777,105.61,10.02,8.01,102.713902,10.73,109.293,103.63,11.34
4/3/18,8.97,77.841,105.99,10.02,8,102.668467,10.73,109.28149,103.869,11.36
4/4/18,8.96,77.833,105.97,10.01,8.01,102.726221,10.73,109.33906,103.814,11.35
4/6/18,8.96,77.784,105.98,10.01,7.99,102.890332,10.72,109.43917,103.928,11.32
4/9/18,8.97,77.746,105.97,10.01,7.97,103.284578,10.72,109.63041,103.798,11.32
4/10/18,8.97,77.72,105.99,10.01,7.97,103.005909,10.72,109.89469,103.838,11.31
4/11/18,8.98,77.655,105.98,10.01,7.97,103.031144,10.72,109.99719,103.767,11.31
4/12/18,8.98,77.362,106,10.01,7.96,102.418663,10.72,109.88267,103.937,11.31
4/13/18,8.98,77.124,106.02,10.01,7.97,102.265797,10.73,109.64258,103.909,11.3
4/16/18,8.99,77.041,106.03,10.01,7.96,102.279656,10.73,109.51576,103.976,11.3
4/17/18,9,77.166,106.02,10.01,7.97,102.281696,10.73,109.46467,103.926,11.28
4/18/18,8.99,77.13,106.02,10.01,7.96,102.143698,10.73,109.53337,103.767,11.28
4/19/18,9,77.179,105.99,10.01,7.95,101.87091,10.73,109.34151,103.9,11.29
4/20/18,9.01,77.093,106,10.01,7.88,101.554856,10.7,109.39065,103.966,11.3
4/23/18,9.02,76.975,106,10.01,7.85,101.638808,10.68,109.28862,103.935,11.3
4/24/18,9.01,76.963,105.98,10.01,7.84,101.472249,10.67,109.12641,103.933,11.28
4/26/18,9.02,77.006,105.96,10.01,7.8,101.508878,10.61,108.98872,103.851,11.29
4/27/18,9.02,77.021,105.94,10.01,7.81,102.059484,10.6,108.90382,103.976,11.28
4/30/18,9.02,77.087,105.93,10.01,7.82,101.991013,10.6,108.65526,103.919,11.28
5/2/18,9.02,77.146,105.92,10.01,7.8,102.099655,10.59,108.41476,104.008,11.29
5/3/18,9.03,77.186,105.9,10,7.78,102.249469,10.58,108.16004,104.025,11.29
5/4/18,9.03,77.157,105.93,10,7.78,102.465077,10.56,108.40032,104.073,11.28
5/7/18,9.03,77.214,105.88,10,7.79,102.663043,10.55,108.80426,104.049,11.27
5/8/18,9.03,77.353,105.87,10,7.77,102.551224,10.54,109.33366,104.163,11.26
5/9/18,9.03,77.379,105.98,10,7.76,102.636211,10.54,109.69698,104.112,11.27
5/10/18,9.03,77.379,105.98,10,7.79,102.751044,10.51,110.22969,104.112,11.27
5/11/18,9.02,77.368,105.99,10,7.79,102.525302,10.49,110.18133,104.363,11.28
5/14/18,9.02,77.44,105.97,10,7.77,102.679379,10.47,109.91509,104.254,11.3
5/15/18,9.02,77.441,105.94,10,7.76,102.526004,10.45,109.64496,104.392,11.28
5/16/18,9.03,77.372,105.92,10,7.77,102.65145,10.45,109.42943,104.351,11.28
5/17/18,9.04,77.402,105.91,10,7.77,102.936585,10.46,109.66318,104.14,11.26
5/18/18,9.04,77.418,105.88,10,7.78,102.922958,10.47,109.75935,104.036,11.26
5/21/18,9.04,77.415,105.88,10,7.8,102.899326,10.51,109.7198,103.987,11.24
5/23/18,9.04,77.456,105.84,10,7.79,102.965454,10.51,109.59654,104.013,11.25
5/24/18,9.05,77.446,105.83,10,7.76,102.782744,10.51,109.30686,103.981,11.23
5/25/18,9.03,77.493,105.82,10,7.77,102.842977,10.5,109.04756,103.891,11.22
5/29/18,9.03,77.521,105.81,10,7.77,103.209367,10.5,109.06863,103.904,11.21
5/30/18,9.03,77.565,105.78,10,7.73,103.209889,10.5,109.14994,103.748,11.23
5/31/18,9.03,77.525,105.74,10,7.71,103.531498,10.46,109.49609,103.708,11.26
6/1/18,9.03,77.523,105.71,10,7.72,103.784582,10.47,109.66191,103.782,11.25
6/4/18,9.05,77.554,105.67,10,7.74,103.661949,10.47,109.40862,103.911,11.25
6/5/18,9.04,77.604,105.63,10,7.73,103.423733,10.47,109.42448,103.931,11.26
6/6/18,9.04,77.564,105.55,10,7.75,103.439823,10.47,109.51234,103.68,11.27
6/7/18,9.04,77.606,105.49,10,7.75,103.247557,10.47,109.48138,103.758,11.28
6/8/18,9.03,77.646,105.47,10,7.75,102.940906,10.48,109.42231,103.694,11.28
6/12/18,9,77.642,105.66,10,7.75,103.033355,10.48,109.42447,103.754,11.26
6/13/18,8.96,77.653,105.66,10,7.76,103.132819,10.48,109.23539,103.794,11.26
6/14/18,8.96,77.664,105.65,10,7.78,103.195547,10.48,108.91282,103.777,11.23
6/15/18,8.96,77.703,105.62,10,7.79,103.185127,10.49,108.56841,103.661,11.23
6/19/18,8.93,77.674,105.6,10,7.8,103.143946,10.49,108.51527,103.53,11.24
6/20/18,8.9,77.674,105.6,10,7.81,102.894441,10.49,108.58229,103.53,11.26
6/21/18,8.95,77.681,105.6,10,7.84,102.931049,10.51,108.65706,103.597,11.24
6/22/18,8.95,77.683,105.59,10,7.81,102.814608,10.51,108.80165,103.624,11.24
6/25/18,8.96,77.617,105.57,10,7.83,102.665947,10.52,108.76764,103.722,11.23
6/26/18,8.97,77.596,105.57,10,7.83,102.658119,10.53,108.71744,103.871,11.23
6/27/18,8.98,77.615,105.56,10,7.83,102.704759,10.54,108.71142,103.738,11.25
6/28/18,8.98,77.669,105.55,10,7.83,103.078757,10.55,108.50856,103.73,11.25
6/29/18,8.98,77.714,105.56,10,7.82,103.065571,10.56,108.49558,103.535,11.25
7/3/18,8.97,77.706,105.53,10,7.85,103.131306,10.56,108.41096,103.518,11.25
7/5/18,8.98,77.722,105.5,10,7.81,103.710231,10.56,108.16231,103.347,11.23
7/6/18,8.98,77.767,105.49,10.01,7.79,103.562984,10.55,107.84652,103.421,11.22
7/9/18,8.98,77.756,105.46,10.01,7.8,103.498751,10.53,107.74619,103.269,11.24
7/10/18,8.99,77.6,105.41,10.01,7.82,103.466886,10.53,107.63957,103.118,11.23
7/11/18,8.99,77.58,105.36,10.01,7.8,103.28466,10.53,107.29598,103.029,11.24
7/12/18,8.98,77.527,105.33,10.01,7.78,103.383782,10.53,107.33908,103.195,11.25
7/13/18,8.97,77.527,105.34,10.01,7.79,103.457996,10.53,107.67884,103.437,11.24
7/16/18,8.98,77.55,105.32,10.01,7.8,103.462612,10.54,107.60568,103.419,11.23
7/17/18,8.99,77.578,105.49,10.01,7.8,103.632956,10.54,107.41771,103.415,11.22
7/18/18,8.99,77.523,105.45,10.01,7.81,103.735242,10.54,107.42815,103.519,11.22
7/19/18,8.99,77.496,105.44,10.01,7.8,103.680879,10.54,107.40455,103.565,11.24
7/20/18,8.98,77.456,105.43,10.01,7.8,103.964956,10.55,107.40689,103.675,11.24
7/23/18,8.98,77.382,105.42,10.01,7.8,103.844116,10.55,107.24604,103.673,11.24
7/24/18,8.98,77.108,105.4,10.01,7.82,104.022041,10.56,107.19566,103.563,11.23
7/25/18,8.98,76.804,105.33,10.01,7.83,103.86945,10.57,107.21479,103.443,11.2
7/26/18,8.98,76.787,105.27,10.01,7.85,103.776026,10.58,107.18292,103.207,11.18
7/27/18,8.98,76.728,105.23,10.02,7.82,103.731757,10.57,107.13361,103.21,11.19
7/30/18,8.98,76.53,105.19,10.02,7.83,103.635633,10.57,107.12036,103.29,11.19
7/31/18,8.98,76.278,105.22,10.02,7.82,103.660107,10.57,107.1889,103.411,11.19
8/1/18,8.95,76.699,105.16,10.02,7.8,104.05125,10.56,107.24387,103.338,11.17
8/2/18,8.96,76.727,105.14,10.02,7.79,103.907168,10.55,107.09128,103.307,11.16
8/3/18,8.96,76.772,105.11,10.02,7.81,103.949351,10.56,107.10149,103.189,11.17
8/6/18,8.98,76.863,105.05,10.02,7.82,103.810985,10.57,107.24153,103.218,11.16
8/7/18,9,76.921,104.98,10.02,7.81,104.023047,10.57,107.1642,103.44,11.17
8/8/18,9.03,76.921,104.98,10.02,7.82,104.009192,10.57,107.1289,103.44,11.16
8/9/18,9.03,76.929,104.93,10.02,7.84,104.020355,10.57,107.10701,103.363,11.15
8/10/18,9.03,76.962,104.85,10.02,7.86,104.052699,10.59,107.11431,103.378,11.15
8/13/18,9.04,76.9,104.76,10.02,7.84,104.111186,10.59,107.11682,103.324,11.11
8/14/18,9.02,76.926,104.66,10.02,7.85,103.822812,10.59,107.04665,103.225,11.12
8/16/18,9.03,76.945,104.67,10.02,7.81,103.75247,10.58,106.97612,103.026,11.12
8/17/18,9.03,76.941,104.81,10.02,7.8,103.543112,10.57,106.96185,103.226,11.12
8/20/18,9.04,76.996,104.83,10.02,7.8,103.379229,10.56,107.0071,103.177,11.11
8/21/18,9.03,76.994,104.84,10.02,7.8,103.194077,10.56,107.04354,103.252,11.09
8/23/18,9.02,76.907,104.89,10.02,7.78,103.267555,10.56,107.07345,103.371,11.08
8/24/18,9.01,76.859,104.87,10.02,7.76,103.092322,10.55,107.06157,103.294,11.06
8/27/18,9.02,76.874,104.85,10.02,7.74,102.977188,10.55,106.95126,103.242,11.05
8/28/18,9.04,76.883,104.83,10.02,7.75,103.099629,10.55,106.80759,103.13,11.07
8/29/18,9.05,76.932,104.82,10.02,7.73,103.140572,10.54,107.02967,103.097,11.06
8/30/18,9.05,76.896,104.84,10.02,7.73,103.370861,10.54,107.00176,103.334,11.08
8/31/18,9.05,76.836,104.82,10.02,7.78,103.268573,10.54,106.97741,103.38,11.05
9/4/18,9.04,76.796,104.83,10.02,7.77,103.38111,10.54,107.01954,103.286,11.03
9/5/18,9.01,76.772,104.77,10.02,7.78,103.45779,10.54,107.181,103.18,11.02
9/6/18,9.03,76.748,104.7,10.03,7.79,103.687579,10.55,107.20375,102.915,11.02
9/7/18,9.01,76.718,104.64,10.03,7.81,103.689799,10.55,107.24784,102.785,10.98
9/10/18,8.98,76.737,104.61,10.03,7.81,103.715909,10.56,107.21063,102.823,10.96
9/11/18,8.95,76.729,104.61,10.03,7.81,103.878547,10.56,107.07109,102.823,11.01
9/12/18,8.93,76.729,104.61,10.03,7.82,103.747261,10.56,107.1636,102.823,10.98
9/14/18,8.95,76.709,104.61,10.03,7.83,103.349481,10.57,107.14489,102.855,10.96
9/17/18,8.9,76.749,104.57,10.03,7.82,103.595421,10.58,107.2031,103.057,10.96
9/18/18,8.84,76.79,104.51,10.03,7.84,103.468827,10.57,107.36456,102.988,10.95
9/19/18,8.88,76.778,104.51,10.03,7.82,103.600169,10.57,107.32006,103.116,10.94
9/21/18,8.86,76.778,104.51,10.03,7.83,103.574095,10.57,107.32192,103.116,10.96
9/24/18,8.86,76.853,104.64,10.03,7.86,103.856912,10.58,107.26331,103.017,10.9
9/26/18,8.9,77.059,104.65,10.03,7.85,103.809602,10.58,107.25018,103.112,10.92
9/27/18,8.93,77.259,104.63,10.03,7.86,103.965956,10.58,107.22682,103.076,10.94
9/28/18,8.92,77.328,104.63,10.03,7.86,103.742522,10.58,107.04026,102.952,10.93
10/3/18,8.91,77.333,104.63,10.03,7.84,103.778197,10.59,106.95426,102.905,10.9
10/4/18,8.89,77.311,104.62,10.03,7.85,103.621754,10.59,106.83968,102.603,10.91
10/5/18,8.89,77.107,104.59,10.03,7.87,103.806057,10.6,106.69608,102.596,10.93
10/8/18,8.91,77.182,104.57,10.03,7.88,103.863619,10.6,106.40493,102.689,10.94
10/9/18,8.9,77.183,104.57,10.03,7.89,103.932816,10.61,106.43451,102.664,10.92
10/10/18,8.89,77.183,104.57,10.03,7.89,103.840718,10.61,106.50986,102.664,10.93
10/11/18,8.86,77.209,104.59,10.03,7.91,103.621833,10.62,106.58118,102.624,10.96
10/12/18,8.84,77.153,104.59,10.03,7.9,103.830984,10.62,106.65668,102.397,10.93
10/15/18,8.85,77.057,104.58,10.03,7.89,103.9524,10.62,106.69872,102.265,10.92
10/16/18,8.87,76.998,104.58,10.03,7.89,103.942298,10.62,106.94266,102.138,10.91
10/19/18,8.86,77.007,104.59,10.03,7.88,104.000486,10.61,107.09171,101.978,10.91
10/22/18,8.86,77.119,104.61,10.03,7.86,103.846343,10.61,107.2044,102.134,10.93
10/23/18,8.87,77.14,104.59,10.03,7.87,104.056042,10.61,107.15817,102.004,10.92
10/24/18,8.87,77.143,104.58,10.03,7.88,103.944324,10.6,107.18843,102.19,10.93
10/25/18,8.86,77.153,104.59,10.03,7.88,104.035882,10.61,107.23677,101.94,10.94
10/26/18,8.85,77.02,104.56,10.03,7.87,104.144827,10.61,107.19386,101.773,10.95
10/29/18,8.84,76.782,104.58,10.03,7.88,104.111363,10.61,106.92747,101.628,10.95
10/30/18,8.85,76.874,104.58,10.03,7.87,104.250616,10.61,106.88267,101.636,10.94
10/31/18,8.84,76.773,104.7,10.03,7.86,104.103998,10.61,106.7322,101.415,10.93
11/1/18,8.84,76.495,104.69,10.03,7.86,104.539196,10.61,106.74052,101.031,10.92
11/2/18,8.84,76.286,104.67,10.03,7.85,104.319463,10.61,106.74081,101.33,10.92
11/5/18,8.82,76,104.71,10.03,7.85,104.55809,10.61,106.72737,101.399,10.94
11/6/18,8.82,76.233,104.7,10.04,7.84,104.502614,10.61,106.88499,101.033,10.94
11/7/18,8.81,75.835,104.67,10.04,7.85,104.169789,10.61,106.93737,100.886,10.93
11/9/18,8.82,75.312,104.66,10.04,7.88,103.983909,10.62,107.08293,100.98,10.96
11/12/18,8.81,75.52,104.64,10.04,7.87,103.889153,10.62,107.47453,100.79,10.96
11/13/18,8.81,75.302,104.65,10.04,7.88,103.912468,10.63,107.45237,100.938,10.97
11/14/18,8.79,75.277,104.64,10.04,7.91,103.902904,10.64,107.53386,100.483,10.97
11/15/18,8.8,75.631,104.64,10.04,7.91,103.77163,10.64,107.47121,100.626,10.96
11/16/18,8.8,75.852,104.64,10.04,7.91,103.753232,10.65,107.44155,100.769,10.96
11/19/18,8.83,75.852,104.64,10.03,7.9,103.594738,10.65,107.43786,100.769,10.95
11/20/18,8.83,75.869,104.63,10.04,7.89,103.602984,10.65,107.38098,100.706,10.97
11/21/18,8.84,75.833,104.63,10.04,7.9,103.663454,10.65,107.379,100.537,10.97
11/26/18,8.86,75.683,104.6,10.03,7.9,103.87525,10.65,107.37136,100.554,10.95
11/27/18,8.87,75.638,104.6,10.04,7.91,103.841367,10.66,107.37568,100.755,10.96
11/28/18,8.89,75.862,104.59,10.03,7.92,103.441863,10.66,107.30857,100.768,10.94
11/29/18,8.9,75.821,104.54,10.03,7.92,103.515278,10.67,107.17367,100.531,10.94
11/30/18,8.91,75.779,104.51,10.03,7.92,103.489838,10.67,107.1855,100.686,10.94
12/3/18,8.92,75.613,104.59,10.03,7.94,103.513029,10.68,107.24101,101.019,10.94
12/4/18,8.92,75.347,104.58,10.03,7.93,103.561508,10.68,107.23166,100.745,10.92
12/6/18,8.88,75.447,104.57,10.03,7.95,103.546667,10.68,107.31733,100.521,10.91
12/7/18,8.88,75.602,104.56,10.03,7.93,103.434523,10.68,107.29039,100.522,10.88
12/10/18,8.86,75.49,104.55,10.03,7.92,103.30467,10.68,107.30366,100.5,10.87
12/11/18,8.84,75.503,104.51,10.03,7.92,103.435652,10.67,107.27811,100.613,10.86
12/12/18,8.82,75.546,104.49,10.03,7.91,103.430954,10.67,107.29554,100.598,10.84
12/13/18,8.84,75.53,104.44,10.03,7.92,103.524872,10.67,107.28615,100.693,10.87
12/14/18,8.83,75.469,104.43,10.03,7.94,103.743512,10.67,107.32069,100.748,10.88
12/17/18,8.83,75.38,104.41,10.03,7.93,103.584013,10.66,107.30915,100.846,10.89
12/18/18,8.82,75.297,104.41,10.03,7.93,103.629266,10.66,107.32724,100.797,10.87
12/19/18,8.83,75.303,104.4,10.03,7.92,103.402561,10.67,107.3792,100.712,10.88
12/20/18,8.82,75.159,104.38,10.03,7.94,103.484568,10.67,107.39886,100.727,10.89
12/21/18,8.82,75.122,104.34,10.03,7.93,103.187737,10.67,107.40621,100.568,10.89
12/24/18,8.83,75.141,104.27,10.04,7.94,103.251868,10.67,107.45858,100.396,10.89
12/27/18,8.82,75.026,104.24,10.04,7.93,103.099788,10.67,107.47661,100.746,10.87
12/28/18,8.83,74.934,104.21,10.04,7.95,102.904409,10.67,107.4628,100.739,10.86