Date,FGIRX,MSCI_EAFE,SPBMI,EFAD,IMTM,MSCI_euro,VWO,MSCI_EAFE_val
2015-01-27,25.690001,1807.618,10584.06,37.650002,26.290001,1632.21,41.490002,2862.841
2015-01-28,25.34,1802.628,10550.31,37.610001,26.209999,1625.18,41,2852.554
2015-01-29,25.51,1792.033,10512.62,37.5,26.219999,1622.62,41.040001,2832.83
2015-01-30,25.200001,1782.7,10440.86,37.166,26.219999,1606.97,39.939999,2817.527
2015-02-02,25.559999,1791.107,10520.41,37.210999,26.209999,1617.26,40.650002,2838.758
2015-02-03,25.959999,1805.811,10559.36,38.029999,26.209999,1645.73,41.369999,2874.923
2015-02-04,25.85,1818.964,10600.42,37.900002,26.17,1650.05,41.09,2890.196
2015-02-05,26.17,1820.748,10675.03,38.349998,26.219999,1652.71,41.400002,2897.574
2015-02-06,26.200001,1812.121,10618.27,37.970001,26.219999,1643.85,40.720001,2885.816
2015-02-09,26.120001,1805.667,10563.57,37.970001,26,1631.07,40.669998,2875.105
2015-02-10,26.32,1808.941,10578.08,38.238998,26,1638.91,40.599998,2877.31
2015-02-11,26.34,1798.264,10530.86,38.029999,25.07,1631.96,40.419998,2858.47
2015-02-12,26.67,1822.816,10569.52,38.029999,21.09,1652.95,41.360001,2898.274
2015-02-13,26.82,1839.346,10645.18,38.669998,26.5,1667.63,41.779999,2931.005
2015-02-17,26.879999,1841.54,10664.64,38.669998,26.65,1667.42,41.650002,2934.19
2015-02-18,26.84,1854.756,10684.51,38.939999,26.74,1676.15,41.689999,2955.14
2015-02-19,26.82,1863.88,10689.12,38.75,26.74,1684.36,41.560001,2964.958
2015-02-20,27,1866.733,10682.92,39.09,26.997,1684.96,41.77,2967.252
2015-02-23,26.959999,1874.417,10700.42,39.169998,27,1694.88,41.369999,2972.582
2015-02-24,27.09,1880.659,10715.99,39.369999,27.049999,1701.72,41.939999,2985.664
2015-02-25,27.129999,1884.08,10791.77,39.43,27.18,1702.69,41.799999,2992.083
2015-02-26,27.07,1880.829,10743.39,39.439999,27.18,1698.12,41.77,2981
2015-02-27,27,1886.261,10758.17,39.450001,27.200001,1705.44,41.799999,2988.759
2015-03-02,27.190001,1879.484,10742.63,39.330002,27.27,1698.16,41.740002,2975.573
2015-03-03,27.08,1870.029,10734.23,39.099998,27.091999,1680.77,41.360001,2962.821
2015-03-04,26.98,1862.016,10683.44,38.66,27.040001,1676.18,40.880001,2947.96
2015-03-05,27,1865.561,10679.99,38.779999,27.139999,1683.14,40.799999,2952.53
2015-03-06,26.709999,1848.588,10567.32,38.029999,26.85,1658.86,40.139999,2921.569
2015-03-09,26.809999,1838.607,10492.94,38.176998,26.85,1652.57,39.98,2907.139
2015-03-10,26.309999,1807.494,10355.58,37.259998,26.450001,1615.86,39.150002,2854.185
2015-03-11,26.280001,1807.924,10333.49,37.139999,26.450001,1620,39.459999,2853.768
2015-03-12,26.59,1821.871,10425.68,37.499001,26.450001,1625.57,39.68,2874.911
2015-03-13,26.379999,1815.844,10339.33,37.02,26.940001,1615.68,39.200001,2856.774
2015-03-16,26.709999,1832.504,10426.18,37.540001,26.940001,1639.57,39.66,2882.3
2015-03-17,26.67,1831.175,10421.18,37.549999,27,1632.57,39.91,2883.04
2015-03-18,26.959999,1845.079,10456.06,38.439999,27.030001,1644.36,40.939999,2905.416
2015-03-19,26.74,1851.011,10511.84,37.970001,27.030001,1650.24,40.220001,2914.281
2015-03-20,27,1887.309,10677.61,38.790001,25.92,1690.7,40.720001,2976.731
2015-03-23,26.98,1900.843,10760.93,38.880001,28.08,1699.87,40.84,3001.642
2015-03-24,26.82,1900.897,10804.6,38.650002,28.08,1701.34,41,3003.074
2015-03-25,26.450001,1900.118,10785.87,38.459999,28.02,1694.85,40.220001,3007.459
2015-03-26,26.379999,1874.561,10697.05,38.147999,27.6,1670.31,39.990002,2968.873
2015-03-27,26.389999,1869.834,10677.78,38.02,27.542,1670.22,40.080002,2952.67
2015-03-30,26.68,1871.176,10628.18,37.889999,27.620001,1679.2,40.900002,2952.564
2015-03-31,26.469999,1849.34,10588.99,37.596001,27.25,1654,40.869999,2915.845
2015-04-01,26.459999,1851.875,10600.22,37.389999,27.25,1662.13,41.419998,2921.205
2015-04-02,26.59,1870.364,10690.49,37.889999,27.25,1677.93,42.060001,2949.618
2015-04-06,26.75,1890.806,10796.94,38.470001,27.25,1697.79,42.57,2981.08
2015-04-07,26.74,1895.357,10798.05,38.66,27.25,1702.57,42.470001,2990.831
2015-04-08,26.870001,1893.81,10825.85,38.759998,28.01,1691.26,43.330002,2980.372
2015-04-09,27.030001,1895.747,10830.56,38.810001,27.92,1691.78,43.889999,2979.548
2015-04-10,27.200001,1901.276,10851.9,38.962002,27.993999,1699.24,43.799999,2984.794
2015-04-13,27.1,1894.353,10786.25,38.919998,27.993999,1693.35,43.650002,2974.602
2015-04-14,27.18,1909.492,10899.02,39.450001,27.993999,1705.49,43.77,3002.794
2015-04-15,27.33,1904.395,10867.2,39.48,28.101999,1702.21,44.029999,2998.065
2015-04-16,27.290001,1912.323,10961.38,39.68,28.08,1704.13,44.43,3012.056
2015-04-17,26.99,1896.056,10917.01,38.983002,27.700001,1685.82,43.52,2991.465
2015-04-20,27.219999,1897.833,10897.87,39.119999,27.860001,1695.99,43.380001,2996.736
2015-04-21,27.15,1911.143,10919.04,39.261002,27.860001,1702.67,43.720001,3008.088
2015-04-22,27.33,1910.667,10906.19,39.372002,27.860001,1699.44,44.23,3007.421
2015-04-23,27.379999,1916.355,10945.2,39.57,28.25,1704.06,44.450001,3019.621
2015-04-24,27.459999,1931.942,11041.16,39.709999,28.25,1718.88,44.669998,3045.285
2015-04-27,27.379999,1948.196,11120.89,39.799999,28.416,1738.82,44.860001,3070.565
2015-04-28,27.49,1945.577,11148.48,39.73,28.27,1728.12,44.970001,3071.577
2015-04-29,27.440001,1933.973,11110.93,39.59,28.15,1715.84,44.490002,3058.009
2015-04-30,27.18,1918.397,11012.86,39.509998,28.15,1717.7,43.900002,3033.001
2015-05-01,27.389999,1913.011,10968.08,39.598,28.061001,1715.34,44.16,3023.999
2015-05-04,27.49,1913.436,10985.55,39.560001,27.75,1715.2,44.380001,3021.156
2015-05-05,27.219999,1899.83,10964.7,39.130001,27.700001,1694.77,43.919998,3000.104
2015-05-06,27.1,1911.034,10993.04,39.029999,27.700001,1709.97,43.34,3020.847
2015-05-07,27.16,1893.01,10884.39,38.950001,27.700001,1695.65,43.279999,2988.94
2015-05-08,27.530001,1925.441,10988.97,39.849998,27.700001,1737.06,43.939999,3043.329
2015-05-11,27.42,1923.629,10987.81,39.73,27.700001,1731.79,43.52,3040.432
2015-05-12,27.34,1920.305,10963.51,39.757999,27.700001,1723.81,43.400002,3035.61
2015-05-13,27.4,1935.971,11047.57,40.080002,27.700001,1736.33,43.509998,3058.162
2015-05-14,27.629999,1942.473,11100.09,40.560001,28.290001,1751.36,43.919998,3067.295
2015-05-15,27.620001,1949.491,11155.26,40.490002,28.32,1752.79,44.369999,3072.274
2015-05-18,27.68,1946.746,11109.04,40.459999,28.4,1748.5,43.939999,3065.192
2015-05-19,27.68,1936.198,11035.11,40.240002,28.4,1740.28,44.040001,3044.704
2015-05-20,27.639999,1938.399,11024.51,40.25,28.4,1743.78,43.98,3049.623
2015-05-21,27.709999,1948.408,11068.5,40.709999,28.540001,1753.39,43.849998,3066.654
2015-05-22,27.629999,1935.255,11025.38,40.369999,28.360001,1737.15,43.959999,3046.22
2015-05-26,27.32,1906.436,10910.88,39.685001,28.360001,1699.14,43.310001,2996.943
2015-05-27,27.6,1915.696,10900.01,39.938,28.07,1718.23,43.419998,3009.617
2015-05-28,27.559999,1913.468,10876.33,39.959999,27.941999,1716.25,42.810001,3004.103
2015-05-29,27.309999,1898.984,10833.11,39.700001,27.73,1693.6,42.34,2983.376
2015-06-01,27.32,1891.213,10807.48,39.470001,27.75,1685.53,42.310001,2967.9
2015-06-02,27.370001,1903.564,10833.4,39.490002,27.75,1703.59,42.459999,2990.986
2015-06-03,27.49,1917.152,10891.69,39.75,27.992001,1722.34,42.25,3015.583
2015-06-04,27.25,1903.569,10786.92,39.130001,27.992001,1710.33,41.630001,2989.899
2015-06-05,27.290001,1865.795,10644.54,38.959999,27.370001,1669.03,41.43,2933.379
2015-06-08,27.1,1863.689,10626.92,38.970001,27.370001,1667.69,41.41,2928.13
2015-06-09,27.15,1858.456,10662.86,38.869999,27.17,1666.73,41.110001,2920.394
2015-06-10,27.48,1892.67,10793.78,39.470001,27.698999,1705.89,41.709999,2973.4
2015-06-11,27.52,1895.532,10801.37,39.439999,27.799999,1704.84,41.540001,2976.612
2015-06-12,27.35,1890.671,10796.38,39.130001,27.596001,1694.14,41.549999,2966.977
2015-06-15,27.209999,1867.936,10728.88,39.02,27.459999,1664.56,41.130001,2931.475
2015-06-16,27.35,1870.173,10741.24,38.950001,27.459999,1672.33,41.220001,2930.924
2015-06-17,27.370001,1860.346,10714.74,39.09,27.309999,1664.63,41.48,2917.373
2015-06-18,27.6,1881.388,10833.07,39.400002,27.59,1692.22,41.849998,2949.002
2015-06-19,27.440001,1882.909,10793.12,39.330002,27.51,1686.99,41.470001,2950.256
2015-06-22,27.65,1922.704,10914.19,39.73,27.51,1735.71,42.009998,3013.915
2015-06-23,27.68,1919.636,10910.54,39.647999,27.51,1722.66,42.389999,3008.496
2015-06-24,27.469999,1913.501,10875.69,38.970001,27.51,1716.76,42.169998,3002.366
2015-06-25,27.34,1910.102,10857.45,38.970001,27.51,1712.97,42.02,2995.339
2015-06-26,27.32,1898.819,10769.36,38.779999,27.709999,1706.99,41.25,2976.994
2015-06-29,26.73,1855.327,10589.33,38.240002,27.709999,1662.32,40.34,2906.385
2015-06-30,26.799999,1842.457,10582.78,37.82,27.709999,1638.88,40.880001,2885.125
2015-07-01,26.99,1856.099,10634.65,37.939999,27.02,1657.31,40.880001,2899.205
2015-07-02,26.950001,1856.457,10638.74,38.02,27.1,1651.18,41.07,2905.867
2015-07-06,26.809999,1819.879,10526.37,37.529999,27.1,1617.57,39.93,2843.237
2015-07-07,26.870001,1792.574,10449.37,37.348999,26.497999,1571.98,39.32,2796.378
2015-07-08,26.41,1791.731,10397.92,36.830002,26.497999,1592.57,37.869999,2793.769
2015-07-09,26.52,1816.186,10438.6,37.466,26.497999,1624.64,38.639999,2828.681
2015-07-10,26.860001,1851.945,10557.88,38.240002,26.497999,1676.86,39.73,2887.169
2015-07-13,27.18,1862.955,10617.42,38.43,26.497999,1684.54,39.98,2905.568
2015-07-14,27.33,1877.934,10691.24,38.859001,26.497999,1691.39,40.080002,2930.216
2015-07-15,27.33,1878.508,10698.48,38.639999,26.497999,1691.35,39.59,2931.441
2015-07-16,27.559999,1893.989,10753.72,39.110001,26.497999,1706,40.060001,2954.112
2015-07-17,27.59,1889.529,10739.86,39.099998,26.497999,1698.68,40.049999,2946.033
2015-07-20,27.549999,1893.382,10738.41,39.016998,26.497999,1704.9,39.799999,2949.992
2015-07-21,27.440001,1894.419,10757.66,38.970001,27.719999,1698.65,39.810001,2953.144
2015-07-22,27.35,1872.35,10672.46,38.610001,27.719999,1681.4,39.279999,2918.159
2015-07-23,27.15,1877.135,10666.19,38.459999,27.719999,1685.74,38.950001,2920.311
2015-07-24,26.83,1861.034,10604.96,37.84,27.719999,1668.65,38.389999,2892.774
2015-07-27,26.68,1846.846,10548.26,37.939999,27.108,1652.29,37.529999,2875.254
2015-07-28,26.969999,1848.584,10559.42,38.433998,27.49,1659.98,37.889999,2876.737
2015-07-29,27.200001,1861.947,10654.39,38.560001,27.49,1676.07,38.240002,2900.166
2015-07-30,27.209999,1858.974,10593.48,38.48,27.49,1670.04,38,2903.871
2015-07-31,27.129999,1879.75,10695.58,38.630001,27.549999,1689.05,38.32,2933.549
2015-08-03,27.040001,1877.371,10655.97,38.599998,27.549999,1690.52,37.689999,2925.806
2015-08-04,27,1876.742,10704.32,38.799999,27.559999,1685.51,37.810001,2923.689
2015-08-05,27.030001,1878.501,10674.6,38.889999,27.76,1693.36,37.849998,2928.92
2015-08-06,26.860001,1875.275,10632.05,38.48,27.610001,1687.25,37.580002,2926.31
2015-08-07,26.76,1868.644,10599.83,38.450001,27.610001,1676.56,37.540001,2918.932
2015-08-10,27.129999,1883.892,10655.92,38.84,27.610001,1694.29,38.18,2942.792
2015-08-11,26.82,1865.513,10530.48,38.200001,27.417,1677.22,37.360001,2913.893
2015-08-12,26.780001,1842.675,10485.06,38.23,27.02,1652.99,36.779999,2884.244
2015-08-13,26.75,1845.578,10497.97,38.119999,27.18,1658.7,36.709999,2880.658
2015-08-14,26.83,1840.941,10505.3,38.389999,27.18,1653.49,36.82,2869.032
2015-08-17,26.92,1840.934,10474.64,38.209999,27.18,1652.28,36.43,2869.89
2015-08-18,26.84,1835.21,10446.12,38.080002,27.18,1649.22,36.009998,2860.497
2015-08-19,26.59,1811.33,10373.41,37.830002,27.18,1622.7,35.52,2823.992
2015-08-20,26.01,1795.198,10298.28,37.23,27.18,1610.57,34.98,2800.698
2015-08-21,25.23,1756.648,10142,36.299999,27.18,1574.01,33.860001,2739.034
2015-08-24,24.219999,1696.814,9789.46,35.27,24.440001,1523.97,32.189999,2632.876
2015-08-25,23.870001,1714.299,9890.73,35.91,25.440001,1564.8,32.630001,2658.492
2015-08-26,24.73,1706.17,9847.01,35.419998,25.67,1535.62,33.759998,2646.283
2015-08-27,25.370001,1731.13,9995.88,36.18,26.030001,1563.3,35.119999,2691.56
2015-08-28,25.43,1747.838,10025.57,36.508999,25.837999,1568.96,34.610001,2722.973
2015-08-31,25.27,1736.808,9956.66,36.130001,25.837999,1564.4,34.540001,2704.876
2015-09-01,24.48,1694.605,9798.03,35.259998,25.837999,1528.1,33.189999,2636.639
2015-09-02,24.879999,1689.896,9774.77,35.580002,25.837999,1528.04,33.689999,2627.209
2015-09-03,24.940001,1704.052,9831.55,35.66,25.43,1545.59,33.84,2649.336
2015-09-04,24.559999,1671.12,9694.48,35.07,24.9,1508.51,32.779999,2596.033
2015-09-08,25.129999,1691.384,9829.39,35.860001,24.9,1543.35,33.880001,2635.553
2015-09-09,24.76,1730.592,9961,36.209999,24.9,1561.65,33.689999,2698.605
2015-09-10,24.870001,1710.228,9867.34,36.314999,24.9,1549.51,33.939999,2661.067
2015-09-11,24.91,1704.822,9845.33,36.130001,24.9,1542.62,34.07,2652.179
2015-09-14,24.77,1697.791,9854.55,35.939999,25.280001,1534.2,34.07,2639.227
2015-09-15,25.129999,1701.52,9843.27,36.189999,25.280001,1544.4,34.419998,2644.519
2015-09-16,25.379999,1728.451,9997.81,36.669998,25.749001,1571.52,35.220001,2683.948
2015-09-17,25.24,1731.973,9999.27,36.700001,25.879999,1571.19,35.220001,2687.165
2015-09-18,24.76,1713.961,10008.91,36.32,25.41,1550.14,34.360001,2652.838
2015-09-21,24.91,1698.974,9923.72,35.970001,25.34,1538.19,34.439999,2625.497
2015-09-22,24.58,1658.336,9785.16,35.122002,25.34,1481.32,33.77,2561.731
2015-09-23,24.469999,1654.306,9736.27,34.919998,24.809999,1484.09,33.259998,2554.461
2015-09-24,24.360001,1639.295,9729.24,34.919998,24.58,1470.87,33.200001,2530.785
2015-09-25,24.440001,1660.738,9804.49,35.279999,25.040001,1497.57,32.689999,2562.117
2015-09-28,23.84,1638.088,9737.53,34.599998,25.040001,1468.15,31.959999,2516.643
2015-09-29,23.84,1609.496,9628.71,34.483002,24.18,1460.39,32.220001,2475.642
2015-09-30,24.280001,1644.404,9781.01,35.290001,24.434,1490.22,33.09,2527.625
2015-10-01,24.309999,1654.982,9832.6,35.470001,24.629999,1489.07,33.200001,2544.789
2015-10-02,24.639999,1668.865,9848.61,36.07,24.629999,1505.95,34.07,2567.139
2015-10-05,25.139999,1702.144,10028.87,36.740002,25.402,1543.67,34.75,2620.064
2015-10-06,25.18,1719.727,10081.91,36.77,25.402,1560.65,34.66,2652.174
2015-10-07,25.4,1729.506,10165.19,37.09,25.402,1561.05,35.52,2683.709
2015-10-08,25.66,1733.561,10174.77,37.09,25.43,1569.74,35.98,2690.794
2015-10-09,25.67,1758.174,10302.67,37.540001,25.35,1586.8,36.02,2734.425
2015-10-12,25.620001,1758.072,10311.03,37.349998,25.35,1584.91,35.82,2731.56
2015-10-13,25.43,1741.444,10242.59,36.919998,25.34,1570.26,35.18,2697.34
2015-10-14,25.32,1731.713,10250.18,37.094002,25.34,1566.97,35.450001,2683.566
2015-10-15,25.73,1753.887,10351.24,37.669998,25.34,1582.67,36.259998,2714.745
2015-10-16,25.82,1763.182,10389.06,37.594002,25.34,1590.9,36.369999,2730.115
2015-10-19,25.73,1754.607,10376.9,37.380001,25.34,1585.65,36,2711.094
2015-10-20,25.719999,1751.196,10396.31,37.470001,25.34,1582.77,35.919998,2704.034
2015-10-21,25.549999,1758.666,10369.73,37.099998,25.440001,1584.18,35.400002,2714.196
2015-10-22,25.92,1759.623,10405.47,37.419998,25.440001,1589.48,36.169998,2717.064
2015-10-23,26.219999,1777.369,10469.98,37.736,25.9,1602.09,36.41,2741.04
2015-10-26,26.120001,1779.255,10482.5,37.560001,25.849001,1598.18,36,2742.441
2015-10-27,25.9,1764.199,10419.32,37.066002,25.849001,1581.27,35.669998,2712.158
2015-10-28,26.35,1776.707,10472.62,37.189999,25.719999,1600.56,35.279999,2729.168
2015-10-29,26.35,1759.411,10391.21,37.080002,25.709999,1584.34,34.889999,2693.811
2015-10-30,26.190001,1771.658,10410.86,37.200001,25.594,1595.4,34.84,2711.263
2015-11-02,26.530001,1763.331,10362.84,37.259998,25.9,1599.01,35.5,2698.199
2015-11-03,26.700001,1761.295,10379.89,37.028999,25.733,1594.41,35.939999,2698.343
2015-11-04,26.59,1761.345,10371.62,37.290001,25.733,1589.58,35.740002,2699.89
2015-11-05,26.51,1758.313,10339.11,36.98,25.584,1582.81,35.790001,2686.619
2015-11-06,26.629999,1743.478,10224.75,36.439999,25.584,1569.16,35.389999,2661.73
2015-11-09,26.41,1735.723,10145.96,36.07,25.584,1552.47,34.560001,2649.601
2015-11-10,26.42,1729.295,10115.1,36.029999,25.52,1546.29,34.470001,2640.107
2015-11-11,26.32,1743.29,10165.89,36.09,25.52,1561.12,34.509998,2654.11
2015-11-12,25.940001,1728.629,10116.7,35.77,25.52,1539.1,34.150002,2624.34
2015-11-13,25.73,1712.18,10008.61,35.450001,25.52,1522.95,33.700001,2601.504
2015-11-16,26.120001,1706.612,10021.81,35.909,25.412001,1525.21,34.43,2594.316
2015-11-17,26.120001,1733.611,10145.47,36.014999,25.412001,1553.99,34.389999,2634.582
2015-11-18,26.469999,1731.118,10133.03,36.380001,25.412001,1551.79,34.66,2634.372
2015-11-19,26.43,1757.353,10293.45,36.900002,25.780001,1571.67,34.919998,2675.6
2015-11-20,26.459999,1754.649,10296.12,36.75,25.790001,1565.31,35.220001,2665.79
2015-11-23,26.389999,1743.736,10242.41,36.319,25.620001,1551.9,34.93,2647.293
2015-11-24,26.450001,1734.054,10218.34,36.68,25.5,1536.49,35.02,2637.378
2015-11-25,26.440001,1740.066,10236.19,36.73,25.666,1551.99,34.75,2641.838
2015-11-27,26.450001,1746.06,10228.22,36.830002,25.666,1562.11,33.990002,2649.034
2015-11-30,26.360001,1741.012,10247.44,36.859001,25.559999,1563.66,34.040001,2636.186
2015-12-01,26.6,1753.858,10341.22,37.145,25.790001,1565.09,34.240002,2657.251
2015-12-02,26.309999,1748.108,10311.54,36.919998,25.6,1559.65,33.900002,2644.256
2015-12-03,26.01,1740.661,10275.38,36.625,25.5,1549.46,33.799999,2633.059
2015-12-04,26.440001,1731.704,10288.01,36.884998,25.693001,1546.28,33.93,2617.262
2015-12-07,26.16,1734.426,10240.99,36.779999,25.568001,1548.21,33.450001,2611.002
2015-12-08,25.879999,1709.775,10127.27,36.275002,25.389999,1528.03,33.049999,2569.216
2015-12-09,25.73,1713.389,10126.56,36.161999,25.389999,1535.94,32.810001,2582.435
2015-12-10,25.799999,1705.525,10101.33,36.155998,25.289,1523.18,32.48,2570.776
2015-12-11,23.370001,1690.151,9982.98,36.459999,24.83,1499.14,31.559999,2543.561
2015-12-14,23.379999,1665.742,9898.06,35.527,24.83,1475.09,32.080002,2500.325
2015-12-15,23.709999,1674.347,9941.51,35.84,24.83,1504.41,32.549999,2514.364
2015-12-16,24.07,1693.536,10023.16,36.369999,24.83,1513.54,33.099998,2546.115
2015-12-17,23.67,1699.971,9998.87,35.921001,25.42,1512.37,32.810001,2553.842
2015-12-18,23.25,1687.214,9986.96,35.650002,25.07,1500.34,32.639999,2538.073
2015-12-21,23.440001,1682.525,9971.62,35.578999,25.02,1493.45,32.709999,2530.436
2015-12-22,23.67,1689.248,10006.18,35.740002,25.099001,1499.84,32.959999,2543.596
2015-12-23,24.059999,1710.792,10087.58,36.43,25.43,1529.77,33.450001,2582.445
2015-12-24,24.030001,1721.543,10148.13,36.382,25.4,1539.01,33.349998,2601.521
2015-12-28,23.93,1717.894,10136.47,36.169998,25.326,1533.47,33.18,2592.604
2015-12-29,24.16,1731.537,10216.26,36.75,25.326,1548.19,33.16,2609.022
2015-12-30,23.959999,1727.473,10211.4,36.374001,25.6,1537.11,32.700001,2599.924
2015-12-31,23.790001,1716.275,10138.5,36.240002,25.370001,1523.17,32.709999,2583.412
2016-01-04,23.48,1671.892,9941.56,35.330002,24.77,1478.42,31.780001,2517.826
2016-01-05,23.48,1666.745,9904.03,35.525002,24.77,1476.12,31.85,2509.822
2016-01-06,23.059999,1649.947,9815.2,34.900002,24.59,1459.48,31.280001,2482.33
2016-01-07,22.42,1622.583,9682.24,34.410999,24.43,1445.92,30.27,2435.772
2016-01-08,22.08,1610.749,9635.95,34.240002,24.43,1422.83,30,2415.498
2016-01-11,21.98,1600.968,9583.49,33.645,24,1417.52,29.870001,2401.676
2016-01-12,22.120001,1593.448,9565.5,33.950001,23.98,1427.06,29.98,2384.43
2016-01-13,21.58,1611.863,9612.17,33.52,23.98,1433.04,29.639999,2413.247
2016-01-14,21.98,1583.707,9482.72,33.950001,24.059999,1412.51,30.02,2378.413
2016-01-15,21.459999,1565.243,9383.61,32.759998,23.084,1382.93,28.76,2346.163
2016-01-19,21.379999,1565.208,9388.25,32.894001,23.200001,1395.23,29.16,2338.869
2016-01-20,21.07,1517.923,9185.01,32.23,22.743,1345.81,28.549999,2262.181
2016-01-21,21.209999,1518.551,9226.84,32.59,23.125999,1370.89,28.6,2264.069
2016-01-22,21.719999,1568.314,9460.32,33.226002,24.059999,1401.49,29.57,2341.393
2016-01-25,21.280001,1568.503,9441.55,33.228001,23.58,1396.76,29.08,2333.484
2016-01-26,21.690001,1570.138,9468.01,33.610001,23.922001,1411.1,29.5,2341.502
2016-01-27,21.440001,1585.305,9513.83,33.648998,23.9,1419.04,29.309999,2363.298
2016-01-28,21.530001,1574.547,9564.37,33.596001,23.93,1405.83,29.780001,2353.153
2016-01-29,22.139999,1591.464,9692.44,33.610001,24.313,1421.36,30.83,2371.659
2016-02-01,22.16,1604.889,9749.37,34.169998,24.448999,1427.52,30.52,2382.08
2016-02-02,21.629999,1580.859,9659.85,33.650002,24.32,1398.16,29.610001,2338.082
2016-02-03,21.799999,1570.57,9697.18,33.720001,24.1,1395.62,30.4,2320.413
2016-02-04,21.950001,1584.256,9804.87,33.990002,24.5,1409.08,30.610001,2357.99
2016-02-05,21.58,1566.753,9716.67,33.407001,24.5,1394.31,30.290001,2339.449
2016-02-08,21.17,1538.651,9568.49,32.48,23.334999,1346.88,29.870001,2297.353
2016-02-09,21.040001,1515.435,9553.32,32.512001,23.02,1344.3,29.49,2250.812
2016-02-10,20.91,1512.303,9504.38,32.66,23.040001,1354.68,29.58,2242.462
2016-02-11,20.58,1495.39,9414.22,32.219002,22.528999,1321.56,29.15,2210.877
2016-02-12,21.15,1492.426,9453.58,32.292999,22.870001,1349.09,29.629999,2219.187
2016-02-16,21.620001,1539.739,9662.36,33.047001,23.639999,1370.89,30.33,2295.709
2016-02-17,22.040001,1559.443,9778.25,33.810001,23.812,1405.81,30.959999,2328.637
2016-02-18,21.959999,1568.706,9831.63,33.639999,23.83,1400.3,30.809999,2337.363
2016-02-19,21.92,1557.032,9793.2,33.536999,23.450001,1389.95,30.68,2313.463
2016-02-22,22.26,1573.091,9897.7,33.790001,23.450001,1404.29,31.440001,2341.602
2016-02-23,21.889999,1559.567,9825.94,33.380001,23.959999,1385.83,30.76,2315.344
2016-02-24,21.969999,1532.647,9736.89,33.290001,23.959999,1353.26,30.76,2268.214
2016-02-25,22.17,1554.148,9833.33,33.855,24.32,1381.24,30.809999,2304.296
2016-02-26,22.24,1558.082,9861.99,33.830002,24.129999,1389.51,30.540001,2315.444
2016-02-29,22.059999,1558.167,9852.47,33.689999,23.950001,1391.74,30.73,2317.714
2016-03-01,22.639999,1572.37,9954.73,34.34,23.950001,1410.68,31.85,2335.073
2016-03-02,22.809999,1595.677,9991.81,34.380001,23.950001,1416.88,32.34,2382.378
2016-03-03,22.959999,1611.698,10081.64,34.573002,24.700001,1424.13,32.689999,2418.584
2016-03-04,23.1,1628.827,10152.32,34.880001,24.545,1444.08,33.41,2447.501
2016-03-07,23.18,1622.66,10146.2,34.93,24.549999,1437.44,33.34,2440.427
2016-03-08,22.780001,1616.475,10126.49,34.924999,24.319,1432.2,32.759998,2425.363
2016-03-09,22.9,1614.98,10192.67,34.91,24.319,1434.03,32.970001,2422.819
2016-03-10,22.85,1612.153,10149.55,34.689999,24.535999,1426.72,32.889999,2416.122
2016-03-11,23.280001,1644.941,10305.27,35.278999,25.110001,1465.81,33.610001,2473.94
2016-03-14,23.25,1652.883,10315.06,35.369999,24.896,1469.16,33.419998,2482.312
2016-03-15,23.15,1637.931,10267.33,34.790001,24.827999,1453.15,32.799999,2455.183
2016-03-16,23.299999,1628.638,10264.25,35.220001,25.26,1449.01,33.490002,2442.141
2016-03-17,23.549999,1663.747,10545.89,35.66,25.26,1479.51,34.169998,2502.594
2016-03-18,23.67,1660.5,10537.32,35.66,25.167,1480.2,34.400002,2499.698
2016-03-21,23.66,1652.931,10509.95,35.5,24.971001,1472.2,34.540001,2484.001
2016-03-22,23.610001,1654.794,10477.24,35.25,25.1,1465.46,34.389999,2483.99
2016-03-23,23.35,1642.184,10418.31,34.869999,25.007999,1457.52,33.860001,2455.377
2016-03-24,23.34,1619.407,10335.92,34.582001,25.09,1434.2,33.810001,2414.726
2016-03-28,23.299999,1631.502,10390.52,34.779999,25.09,1441.98,33.900002,2434.668
2016-03-29,23.469999,1629.632,10418.11,35.380001,25.25,1443.9,34.23,2424.024
2016-03-30,23.59,1660.679,10639.29,35.549999,25.530001,1485.36,34.619999,2470.693
2016-03-31,23.59,1652.035,10620.62,35.373001,25.129999,1474.19,34.580002,2457.793
2016-04-01,23.65,1616.225,10472.43,34.98,25,1448.14,34.68,2399.165
2016-04-04,23.530001,1627.241,10520.09,35.061001,25.171,1458.77,34.209999,2412.759
2016-04-05,23.27,1595.94,10391.4,34.828999,25.171,1430.2,33.57,2356.243
2016-04-06,23.540001,1606.575,10444.59,35.169998,25.139999,1441.04,34,2370.904
2016-04-07,23.23,1607.811,10422.31,34.720001,24.837999,1431.27,33.290001,2370.365
2016-04-08,23.360001,1625.362,10512.4,35.419998,25.372,1451.34,33.869999,2403.182
2016-04-11,23.360001,1632.039,10555.92,35.201,25.48,1460.49,34.32,2417.439
2016-04-12,23.66,1636.945,10583.24,35.568001,25.48,1460.17,34.849998,2434.702
2016-04-13,24.030001,1666.611,10659.46,35.84,25.48,1485.57,35.5,2491.709
2016-04-14,24.059999,1682.927,10669.63,35.720001,25.48,1487.73,35.32,2517.94
2016-04-15,24,1682.107,10679.55,35.709999,25.565001,1487.21,35.110001,2516.265
2016-04-18,24.15,1676.85,10737.75,36.040001,25.551001,1497.38,35.23,2506.367
2016-04-19,24.389999,1712.186,10881.93,36.66,25.700001,1526.19,35.77,2559.139
2016-04-20,24.450001,1715.024,10873.35,36.609001,26.405001,1528.01,35.540001,2571.339
2016-04-21,24.379999,1716.511,10779.58,36.319,26.405001,1517.45,35.150002,2579.683
2016-04-22,24.440001,1703.27,10722.08,36.209999,26.405001,1505.75,35.02,2563.581
2016-04-25,24.32,1699.752,10737.13,36.169998,26.405001,1500.47,34.740002,2553.158
2016-04-26,24.42,1701.748,10778.65,36.18,25.995001,1508.39,35.150002,2560
2016-04-27,24.5,1698.012,10737.02,36.279999,26.129999,1513.28,35.360001,2553.674
2016-04-28,24.23,1698.26,10793.45,35.810001,25.885,1516.38,35,2553.866
2016-04-29,24.040001,1693.181,10787.8,35.919998,25.885,1501.57,34.93,2542.33
2016-05-02,24.139999,1686.622,10817.72,36.25,25.885,1508.39,34.84,2530.314
2016-05-03,23.83,1668.636,10729.45,35.68,25.804001,1483.14,33.869999,2496.802
2016-05-04,23.620001,1647.988,10638.81,35.34,25.804001,1462.45,33.389999,2462.328
2016-05-05,23.629999,1641.606,10626.04,35.279999,25.355,1455.49,33.389999,2450.944
2016-05-06,23.65,1639.215,10584.83,35.360001,25.018,1453.53,33.470001,2448.481
2016-05-09,23.58,1638.209,10623.37,35.360001,25.488001,1456.63,32.959999,2434.852
2016-05-10,23.91,1654.606,10689.37,35.738998,25.488001,1469.61,33.619999,2460.398
2016-05-11,23.74,1654.77,10700.83,35.630001,25.719999,1467.93,33.52,2459.838
2016-05-12,23.700001,1645.55,10692.55,35.549999,25.719999,1456.5,33.459999,2445.174
2016-05-13,23.49,1631.711,10597.86,35.150002,25.481001,1449.96,32.860001,2422.643
2016-05-16,23.780001,1637.838,10633.29,35.529999,25.409,1454.47,33.240002,2432.668
2016-05-17,23.67,1644.069,10670.09,35.450001,25.409,1454.85,33.099998,2445.365
2016-05-18,23.780001,1643.412,10638.6,35.389999,25.410999,1459.64,32.84,2447.684
2016-05-19,23.66,1619.49,10491.88,35.259998,25.040001,1433.21,32.439999,2408.905
2016-05-20,23.84,1634.294,10578.06,35.490002,25.385,1451.73,32.799999,2430.736
2016-05-23,23.799999,1628.843,10553.52,35.529999,25.385,1443.14,32.73,2421.33
2016-05-24,24.120001,1642.296,10646.07,35.950001,25.639999,1470.08,33.119999,2443.029
2016-05-25,24.379999,1661.572,10695.49,36.134998,25.75,1487.65,33.5,2480.875
2016-05-26,24.32,1669.843,10743.47,36.130001,25.75,1494.79,33.720001,2493.979
2016-05-27,24.459999,1668.757,10749.98,35.970001,25.959999,1490.71,33.709999,2489.023
2016-05-31,24.450001,1667.844,10732.98,35.630001,26.08,1481.2,33.799999,2482.728
2016-06-01,24.48,1659.866,10697.52,35.625999,25.950001,1472.47,33.77,2463.874
2016-06-02,24.549999,1652.978,10686.68,35.66,25.719999,1471.73,34.040001,2449.183
2016-06-03,24.42,1670.893,10837.34,36.009998,25.719999,1481.23,34.57,2472.285
2016-06-06,24.620001,1676.977,10912.27,36.220001,26.82,1490.82,34.860001,2483.708
2016-06-07,24.629999,1693.07,10983.64,36.450001,26.455999,1506.42,35.200001,2510.532
2016-06-08,24.66,1697.111,11007.69,36.52,26.474001,1504.9,35.490002,2519.139
2016-06-09,24.52,1675.323,10931.98,36.16,26.59,1481.23,35.09,2481.203
2016-06-10,24.18,1640.92,10782.33,35.039001,26.59,1442.02,34.200001,2425.724
2016-06-13,23.950001,1609.728,10663.03,34.567001,25.48,1416.63,33.77,2377.612
2016-06-14,23.809999,1576.22,10481.29,34.009998,25.48,1378.21,33.450001,2323.888
2016-06-15,23.799999,1589.694,10511.05,34.240002,25.424999,1394.83,33.759998,2345.225
2016-06-16,23.860001,1568.831,10406.92,34.25,25.424999,1374.98,33.68,2313.926
2016-06-17,23.860001,1595.326,10533.81,34.66,25.424999,1406.04,33.830002,2365.362
2016-06-20,24.040001,1653.193,10816.44,35.639999,25.424999,1468.13,34.32,2457.987
2016-06-21,24.08,1659.043,10819.16,35.860001,26.459999,1470.12,34.580002,2463.843
2016-06-22,24.030001,1661.484,10832.01,35.630001,25.66,1477.09,34.630001,2468.339
2016-06-23,24.48,1687.036,10938.75,36.298,25.66,1508.1,35.490002,2514.918
2016-06-24,23.370001,1567.264,10393.34,33.560001,25.66,1375.84,33.48,2304.61
2016-06-27,22.73,1520.938,10105.46,32.459999,25.66,1305.76,33.130001,2220.594
2016-06-28,23.219999,1546.726,10282.86,33.637001,25.385,1347.51,34.080002,2256.634
2016-06-29,23.690001,1593.671,10552.64,34.560001,25.6,1396.35,34.880001,2330.956
2016-06-30,23.99,1608.454,10665.09,35.259998,25.988001,1411.93,35.23,2352.089
2016-07-01,24,1620.627,10730.38,35.310001,26.191999,1424.63,35.490002,2369.389
2016-07-05,23.700001,1599.173,10638.12,34.560001,25.75,1389.55,34.790001,2328.972
2016-07-06,23.84,1573.302,10555.67,34.459999,25.587,1361.48,34.790001,2283.694
2016-07-07,23.879999,1583.063,10645.93,34.43,25.790001,1375.84,34.639999,2298.653
2016-07-08,24.25,1592.097,10662.9,34.84,26.034,1392.65,35.41,2317.843
2016-07-11,24.360001,1618.64,10776.96,35.275002,26.358999,1415.79,35.700001,2359.867
2016-07-12,24.66,1636.87,10867.93,35.639999,26.347,1433.77,36.25,2397.056
2016-07-13,24.65,1645.85,10900.88,35.610001,26.360001,1436.3,36.189999,2414.173
2016-07-14,24.879999,1654.423,10953.77,35.798,26.360001,1447.57,36.689999,2431.187
2016-07-15,24.879999,1650.141,10911.4,35.549999,25.983999,1440.95,36.560001,2427.958
2016-07-18,24.98,1652.806,10927.99,35.929001,26.264999,1443.18,36.880001,2428.942
2016-07-19,24.940001,1643.421,10891.82,35.630001,26.153,1430.11,36.560001,2411.493
2016-07-20,25.09,1653.6,10974.82,36.049999,26.209999,1444.37,36.75,2423.197
2016-07-21,25.040001,1657.135,10960.44,35.868,26.209999,1441.91,36.650002,2434.559
2016-07-22,25.139999,1650.198,10922.87,35.785,26.43,1438.64,36.889999,2421.889
2016-07-25,25,1651.813,10940.06,35.870998,26.110001,1439.69,36.59,2423.193
2016-07-26,25.09,1655.439,10970.09,35.970001,26.379999,1442.88,36.810001,2423.634
2016-07-27,25.07,1660.258,10955.88,36.02,26.469999,1449.28,36.860001,2436.933
2016-07-28,25.129999,1658.155,11001.61,35.939999,26.382999,1446.83,36.84,2427.39
2016-07-29,25.16,1689.115,11099.7,36.221001,26.5,1469.94,37.040001,2473.955
2016-08-01,25.01,1682.276,11080.56,36.060001,26.5,1459.65,36.900002,2459.216
2016-08-02,24.92,1671.009,11065.41,36.205002,26.569,1446.76,36.700001,2435.132
2016-08-03,25.110001,1653.496,10962.23,36.09,26.569,1441.01,36.900002,2413.667
2016-08-04,25.120001,1663.499,10990.65,36.139999,26.48,1446.47,37.080002,2437.694
2016-08-05,25.389999,1665.319,10985.29,36.099998,26.358,1452.52,37.490002,2444.223
2016-08-08,25.440001,1675.002,11019.36,35.900002,26.448999,1453.75,37.73,2472.86
2016-08-09,25.43,1694.98,11073.74,36.07,26.597,1472.02,37.98,2501.783
2016-08-10,25.299999,1699.654,11115.94,36.009998,26.483999,1475.8,37.889999,2506.777
2016-08-11,25.48,1708.324,11137.31,36.240002,26.483999,1489.42,38.330002,2516.229
2016-08-12,25.469999,1710.731,11141.84,36.240002,26.593,1486.63,38.18,2517.679
2016-08-15,25.639999,1710.738,11164.77,36.310001,26.868999,1489.37,38.599998,2514.81
2016-08-16,25.58,1704.206,11128.37,36.310001,26.819,1485.88,38.400002,2507.41
2016-08-17,25.57,1701.331,11097.16,36.27,27.051001,1475.84,38.259998,2508.458
2016-08-18,25.690001,1707.896,11156.08,36.470001,27,1492.83,38.57,2519.949
2016-08-19,25.65,1699.763,11096.52,36.16,26.700001,1480.45,38.34,2508.63
2016-08-22,25.610001,1702.297,11110.92,36.259998,26.607,1481.62,37.860001,2510.521
2016-08-23,25.690001,1711.616,11179.24,36.48,27.059999,1494.15,37.669998,2525.651
2016-08-24,25.57,1709.147,11141.83,36.32,27.059999,1490.05,37.779999,2526.688
2016-08-25,25.530001,1702.167,11142.89,36.18,27.059999,1482.01,37.77,2515.655
2016-08-26,25.52,1702.434,11155.95,35.860001,26.41,1489.48,37.470001,2518.041
2016-08-29,25.629999,1688.254,11027.61,35.93,26.41,1472.34,37.75,2498.214
2016-08-30,25.66,1688.949,11020.37,35.869999,26.41,1477.11,37.689999,2504.231
2016-08-31,25.57,1685.571,10982.27,35.724998,26.41,1470.06,37.330002,2506.493
2016-09-01,25.549999,1694.496,11044.69,35.970001,25.870001,1477,37.529999,2520.464
2016-09-02,25.719999,1709.975,11124.82,36.490002,26.18,1502.61,38.099998,2545.792
2016-09-06,25.73,1729.507,11268.2,36.830002,26.469999,1507.84,38.759998,2572.098
2016-09-07,25.799999,1734.717,11262.46,36.630001,26.518999,1513.23,38.709999,2578.252
2016-09-08,25.82,1732.917,11256.78,36.599998,26.546,1512.37,38.630001,2581.745
2016-09-09,25.26,1707.266,11051.28,35.709999,25.85,1487.55,37.41,2550.216
2016-09-12,25.59,1689.244,10934.2,36.060001,25.799999,1474.68,37.720001,2516.831
2016-09-13,25.190001,1677.364,10829.87,35.23,25.379999,1462.36,36.34,2489.433
2016-09-14,25.16,1672.737,10810.89,35.349998,25.559999,1461.53,36.470001,2479.446
2016-09-15,25.389999,1676.17,10879.41,35.68,25.84,1469.14,37.049999,2483.18
2016-09-16,25.25,1664.77,10829.32,35.189999,25.84,1447.4,36.799999,2461.803
2016-09-19,25.26,1681.457,10930.74,35.360001,25.624001,1465.1,37.110001,2488.569
2016-09-20,25.26,1681.393,10944.11,35.470001,25.624001,1462.33,37.119999,2484.389
2016-09-21,25.52,1699.173,10949.05,35.549999,26,1464.75,38.02,2518.546
2016-09-22,25.67,1728.076,11130.52,35.799999,26.48,1501.77,38.189999,2563.254
2016-09-23,25.52,1716.737,11084.59,35.509998,26.290001,1488.39,37.689999,2543.664
2016-09-26,25.24,1701.614,11029.87,35.16,26.08,1471.35,37.23,2517.92
2016-09-27,25.389999,1699.95,11022,35.222,26.08,1462.85,37.619999,2509.202
2016-09-28,25.6,1698.896,11041.19,35.540001,26.496,1475.28,37.990002,2505.446
2016-09-29,25.41,1706.64,11088.01,35.006001,26.261,1479.88,37.360001,2529.536
2016-09-30,25.66,1701.692,11066.55,35.23,26.261,1481.94,37.630001,2521.577
2016-10-03,25.6,1703.014,11074.01,35.110001,26.261,1480.49,37.880001,2522.674
2016-10-04,25.549999,1704.841,11044.21,34.98,26.261,1485.69,37.5,2528.593
2016-10-05,25.75,1701.401,10951.69,35,26.257999,1483.59,38.07,2532.975
2016-10-06,25.77,1694.906,10894.3,34.630001,25.945,1473.61,38.07,2526.873
2016-10-07,25.709999,1688.396,10814.76,34.234001,25.777,1461.76,37.939999,2522.908
2016-10-10,25.799999,1693.306,10853.69,34.279999,25.969999,1469.81,38.200001,2532.081
2016-10-11,25.51,1677.735,10745.06,33.740002,25.48,1449.21,37.490002,2506.248
2016-10-12,25.48,1662.273,10691.97,33.689999,25.469999,1436.27,37.450001,2484.46
2016-10-13,25.360001,1654.368,10691.32,33.639999,25.521999,1425.71,37.220001,2468.178
2016-10-14,25.370001,1664.716,10759.93,33.48,25.559999,1440.61,37.32,2486.635
2016-10-17,25.280001,1656.978,10695.45,33.220001,25.559999,1428.19,37.25,2476.582
2016-10-18,25.459999,1673.799,10786.71,33.529999,25.700001,1447.05,37.91,2505.176
2016-10-19,25.58,1680.403,10835.3,33.720001,25.889999,1451.15,38.110001,2516.48
2016-10-20,25.59,1679.831,10758.49,33.560001,25.798,1449.18,38.060001,2521.301
2016-10-21,25.66,1672.451,10691.35,33.259998,25.587,1441.72,38.07,2515.192
2016-10-24,25.75,1672.932,10699.45,33.049999,25.459999,1443.41,38.259998,2520.442
2016-10-25,25.629999,1670.866,10684.77,32.889999,25.511999,1435.88,38.23,2522.822
2016-10-26,25.66,1672.409,10668.61,32.689999,25.358999,1437.76,37.950001,2526.86
2016-10-27,25.67,1667.177,10623.71,32.669998,25.290001,1438.71,37.66,2519.259
2016-10-28,25.559999,1665.618,10603.14,32.610001,25.15,1435.84,37.450001,2524.381
2016-10-31,25.48,1665.721,10640.12,32.66,25.25,1432.15,37.75,2525.461
2016-11-01,25.360001,1665.306,10641.08,32.519001,25.247,1427.87,37.470001,2523.729
2016-11-02,25.18,1655.894,10593.66,32.389999,25.108,1420.64,37.040001,2504.862
2016-11-03,25.049999,1652.605,10556.32,32.34,25.108,1416.93,36.950001,2503.929
2016-11-04,24.98,1639.258,10520.29,32.209999,24.85,1409.36,36.560001,2481.348
2016-11-07,25.52,1647.752,10567.77,32.5,24.950001,1419.78,37.799999,2497.314
2016-11-08,25.549999,1652.933,10614.64,32.580002,25.16,1426.45,37.98,2508.836
2016-11-09,26.02,1636.067,10495.1,32.759998,25.334999,1433.94,36.98,2485.38
2016-11-10,26.190001,1645.699,10377.51,32.41,24.875,1420.69,35.91,2517.246
2016-11-11,26.18,1640.05,10295.1,32.029999,24.469,1412.03,35.25,2512.829
2016-11-14,26.33,1627.387,10176.93,31.745001,23.989,1397.39,35.080002,2499.953
2016-11-15,26.549999,1629.808,10223.31,31.860001,24.422001,1402.29,35.740002,2503.853
2016-11-16,26.469999,1624.346,10213.26,31.589001,24.24,1392.25,35.450001,2494.639
2016-11-17,26.59,1632.656,10279.73,31.74,24.280001,1400.85,35.459999,2504.914
2016-11-18,26.6,1614.165,10212.96,31.48,24.23,1382.41,35.380001,2472.917
2016-11-21,26.790001,1625.142,10258.52,31.708,24.49,1392.89,35.73,2493.12
2016-11-22,26.780001,1625.778,10257.75,31.726999,24.525,1391.88,36.119999,2501.364
2016-11-23,26.84,1615.715,10256.04,31.622999,24.558001,1383.46,35.77,2486.032
2016-11-25,26.93,1634.444,10343.15,31.950001,24.629999,1400.05,35.959999,2510.36
2016-11-28,26.68,1628.233,10356.35,31.790001,24.66,1386.31,36.139999,2498.54
2016-11-29,26.67,1631.614,10396.98,31.950001,24.690001,1394.8,36.16,2501.747
2016-11-30,26.889999,1629.671,10384.33,31.9,24.620001,1398.61,36.220001,2502.348
2016-12-01,26.91,1630.994,10336.62,31.698999,24.59,1395.19,35.810001,2517.864
2016-12-02,26.889999,1630.609,10353.89,31.84,24.629999,1395.45,35.77,2521.131
2016-12-05,27.08,1637.159,10385.07,32.02,24.959999,1411.92,36.009998,2533.342
2016-12-06,27.17,1653.06,10441.46,32.060001,24.93,1424.7,36.16,2570.963
2016-12-07,27.48,1672.713,10495.69,32.200001,25.212999,1444.57,36.700001,2614.657
2016-12-08,27.59,1675.186,10493.88,31.83,25.221001,1441.49,36.869999,2624.634
2016-12-09,27.73,1677.889,10551.18,32.380001,25.25,1444.72,36.700001,2621.68
2016-12-12,27.629999,1681.669,10558.2,32.27,25.290001,1448.41,36.400002,2626.449
2016-12-13,27.77,1698.422,10634.77,32.650002,25.445999,1468.32,36.77,2648.918
2016-12-14,27.530001,1695.912,10618.45,32.189999,25.07,1462.8,35.709999,2644.322
2016-12-15,27.66,1664.361,10384.79,32.099998,24.9,1442.51,35.869999,2598.839
2016-12-16,27.610001,1668.598,10384.98,32.209999,24.879999,1451.52,35.650002,2605.698
2016-12-19,27.65,1674.447,10416.75,32.18,24.83,1448.86,35.41,2606.544
2016-12-20,27.77,1670.705,10415.85,32.240002,24.889999,1447.83,35.299999,2602.208
2016-12-21,27.73,1674.079,10435.41,32.060001,24.551001,1452.18,35.189999,2607.953
2016-12-22,27.68,1674.364,10421.13,32.029999,24.483,1452.21,34.860001,2607.402
2016-12-23,27.719999,1674.559,10417.2,32.130001,24.530001,1453.34,35.029999,2607.46
2016-12-27,26.940001,1672.287,10435.19,32.34,24.511,1454.68,35.200001,2600.763
2016-12-28,26.709999,1669.416,10412.2,32.110001,24.530001,1450.15,35.419998,2594.909
2016-12-29,26.66,1675.295,10485.28,32.27,24.653,1458.15,35.970001,2601.175
2016-12-30,26.58,1684.002,10545.01,32.419998,24.809999,1471.08,35.779999,2614.565
2017-01-03,26.83,1676.931,10521.61,32.549999,24.870001,1465.15,36.169998,2610.954
2017-01-04,27.049999,1698.873,10607.69,32.689999,25.200001,1476.38,36.5,2651.29
2017-01-05,27.01,1721.775,10731.6,33.150002,25.690001,1495.1,36.880001,2682.847
2017-01-06,27.1,1713.869,10705.55,32.869999,25.379999,1491.18,36.73,2668.017
2017-01-09,26.98,1708.564,10696.31,32.790001,25.360001,1480.84,36.669998,2654.087
2017-01-10,26.950001,1714.763,10727.59,32.799,25.440001,1487.65,36.869999,2661.728
2017-01-11,27.049999,1703.197,10681.57,32.790001,25.59,1473.99,37.189999,2644.478
2017-01-12,26.969999,1722.242,10770.99,32.563999,25.690001,1490.3,37.279999,2676.136
2017-01-13,27.049999,1727.828,10793.93,32.759998,25.725,1500.41,37.240002,2684.825
2017-01-17,26.860001,1722.216,10818.55,32.849998,25.77,1495.32,37.200001,2675.982
2017-01-18,26.85,1725.014,10818.32,32.59,25.610001,1497.94,37.060001,2677.765
2017-01-19,26.799999,1712.225,10728.44,32.543999,25.57,1485.37,36.959999,2657.249
2017-01-20,26.84,1719.583,10768.56,32.5,25.68,1497.49,37.02,2670.16
2017-01-23,26.709999,1723.678,10792.14,32.720001,25.82,1496.7,37.529999,2674.624
2017-01-24,26.950001,1725.338,10865.91,32.599998,26.040001,1502.12,37.799999,2675.39
2017-01-25,27.200001,1741.705,10893.41,32.82,26.309999,1519.8,38.130001,2704.226
2017-01-26,27.16,1739.528,10868.31,32.691002,26.200001,1512.89,37.970001,2701.025
2017-01-27,27.09,1741.725,10906.15,32.674999,26.193001,1513.06,38.009998,2700.781
2017-01-30,26.860001,1730.404,10850.99,32.459999,26,1495.17,37.82,2678.328
2017-01-31,26.83,1732.377,10909.28,32.654999,26.110001,1501.03,37.84,2677.893
2017-02-01,26.860001,1734.659,10893.41,32.720001,26.27,1506.45,37.919998,2684.05
2017-02-02,26.84,1736.421,10941.65,32.599998,26.24,1508.11,38.049999,2684.281
2017-02-03,27.129999,1741.842,10976.59,32.674,26.309999,1514.33,38.290001,2692.083
2017-02-06,27.049999,1730.56,10900.64,32.505001,26.17,1497.39,38.200001,2673.624
2017-02-07,27.01,1727.462,10935.56,32.650002,26.200001,1494.1,38.060001,2663.221
2017-02-08,26.98,1737.66,11005.8,32.849998,26.268999,1501.23,38.360001,2675.858
2017-02-09,27.17,1734.2,11017.52,33,26.351,1507.57,38.560001,2671.32
2017-02-10,27.26,1741.285,11035.21,33.09,26.528999,1504.46,38.91,2682.778
2017-02-13,27.450001,1749.061,11043.14,33.18,26.540001,1513.14,39.060001,2696.733
2017-02-14,27.629999,1737.952,11011.45,33.080002,26.42,1507.33,39.119999,2685.931
2017-02-15,27.799999,1749.001,11058.96,33.080002,26.620001,1513.93,39.41,2705.684
2017-02-16,27.75,1759.386,11109.54,33.119999,26.610001,1521.89,39.299999,2717.742
2017-02-17,27.74,1754.94,11131.39,33.080002,26.52,1516.42,39.169998,2699.62
2017-02-21,27.93,1753.949,11101.96,33.209999,26.59,1515.43,39.490002,2699.889
2017-02-22,27.82,1757.431,11131.34,33.310001,26.540001,1516.42,39.59,2701.012
2017-02-23,27.809999,1764.171,11205.54,33.380001,26.620001,1521.23,39.610001,2709.683
2017-02-24,27.780001,1750.515,11140.17,33.308998,26.339001,1506.42,39.189999,2684.709
2017-02-27,27.84,1749.634,11147.19,33.299999,26.23,1510.34,39.029999,2680.444
2017-02-28,27.73,1753.089,11131.83,33.360001,26.24,1514.95,38.689999,2687.649
2017-03-01,28.17,1760.147,11121.52,33.549999,26.5,1527.72,39.310001,2705.271
2017-03-02,27.940001,1758.481,11107.64,33.459999,26.389999,1523.41,38.610001,2702.862
2017-03-03,28,1757.253,11069.56,33.380001,26.389999,1527.4,38.939999,2706.332
2017-03-06,27.9,1757.412,11096.11,33.326,26.25,1524.46,39,2705.677
2017-03-07,27.790001,1752.68,11090.15,33.07,26.190001,1518.14,39.049999,2699.393
2017-03-08,27.700001,1746.181,11053.19,33,26.120001,1515.55,38.66,2690.105
2017-03-09,27.75,1747.855,11024.05,33.16,26.120001,1519.97,38.330002,2695.486
2017-03-10,27.82,1763.902,11094.32,33.400002,26.290001,1532.2,38.650002,2720.42
2017-03-13,27.83,1772.27,11143.06,33.380001,26.370001,1539.75,39.139999,2731.788
2017-03-14,27.700001,1765.059,11103.3,33.259998,26.16,1531.24,38.919998,2713.749
2017-03-15,27.91,1768.552,11133.24,33.279999,26.629999,1535.9,39.830002,2721.599
2017-03-16,27.889999,1796.799,11283.88,33.84,26.82,1562.29,40.099998,2766.133
2017-03-17,27.790001,1798.963,11298.81,33.970001,26.797001,1565.51,40.060001,2767.045
2017-03-20,27.700001,1799.116,11306.16,33.868,26.84,1564.31,40.450001,2764.475
2017-03-21,27.27,1800.328,11301.19,33.880001,26.75,1564.52,39.959999,2769.03
2017-03-22,27.309999,1784.8,11267.26,33.799999,26.76,1556.85,40.080002,2739.444
2017-03-23,27.290001,1792.996,11324.56,33.963001,26.809,1567.32,40.099998,2751.676
2017-03-24,27.280001,1797.676,11334.25,34.049999,26.84,1567,40.209999,2755.934
2017-03-27,27.23,1797.835,11366.62,34.189999,26.870001,1572.26,40.09,2755.148
2017-03-28,27.469999,1812.064,11411.03,34.169998,27.01,1579.7,40.189999,2781.646
2017-03-29,27.52,1802.027,11383.82,34.169998,26.921,1568.05,40.25,2762.737
2017-03-30,27.620001,1802.11,11420,34.099998,27.030001,1573.66,40.02,2763.346
2017-03-31,27.530001,1792.976,11390.02,34.199001,27.049,1570.11,39.720001,2748.438
2017-04-03,27.469999,1786.035,11368.91,34.119999,26.9,1556.22,40.029999,2731.35
2017-04-04,27.5,1786.666,11379.36,34.259998,27.040001,1560.92,40.119999,2729.319
2017-04-05,27.370001,1785.577,11395.44,34.110001,26.955,1560.74,40.049999,2725.791
2017-04-06,27.49,1780.445,11399.27,34.060001,26.99,1562.34,39.98,2718.734
2017-04-07,27.43,1780.112,11390.58,34.105,27,1558.65,39.970001,2715.746
2017-04-10,27.459999,1780.166,11392.79,34.115002,27.040001,1555.63,39.779999,2716.233
2017-04-11,27.4,1786.974,11419.39,34.380001,27.16,1559.64,39.82,2726.298
2017-04-12,27.25,1785.399,11477.42,34.59,27.174999,1560.77,39.959999,2718.776
2017-04-13,27.030001,1779.862,11474.22,34.580002,26.98,1555.73,39.75,2704.531
2017-04-17,27.309999,1787.577,11526.92,34.779999,27.1,1562.42,40.09,2715.803
2017-04-18,27.190001,1774.471,11465.34,34.799999,26.811001,1548.39,39.619999,2695.253
2017-04-19,27.139999,1774.806,11435.32,34.689999,26.722,1553.69,39.330002,2696.987
2017-04-20,27.34,1783.666,11481.93,34.939999,26.896,1564.47,39.740002,2713.504
2017-04-21,27.24,1780.769,11438.82,34.880001,26.879999,1553.43,39.700001,2711.572
2017-04-24,27.59,1825.772,11607.54,35.560001,27.370001,1612.08,40.16,2791.021
2017-04-25,27.809999,1836.108,11635.17,35.715,27.389999,1624.95,40.450001,2808.747
2017-04-26,27.799999,1839.04,11635.54,35.639999,27.370001,1624.92,40.299999,2813.307
2017-04-27,27.790001,1835.956,11609.92,35.740002,27.110001,1618.84,40.169998,2800.504
2017-04-28,27.74,1833.698,11608.95,35.728001,27.360001,1619.06,40.34,2798.027
2017-05-01,27.790001,1838.76,11635.85,35.77,27.434999,1621.24,40.5,2805.728
2017-05-02,27.799999,1846.514,11699.18,36.169998,27.48,1630.41,40.700001,2816.962
2017-05-03,27.790001,1844.034,11689.24,36.07,27.348,1631.4,40.41,2811.574
2017-05-04,27.73,1853.242,11709.43,36.299999,27.469999,1648.21,39.98,2825.085
2017-05-05,27.889999,1864.913,11765.25,36.549999,27.83,1665.72,40.209999,2845.447
2017-05-08,27.91,1866.941,11769.01,36.389999,27.629999,1655.36,39.959999,2845.712
2017-05-09,27.860001,1860.667,11753.66,36.439999,27.639999,1656.6,40.41,2829.905
2017-05-10,27.940001,1862.795,11761.79,36.439999,27.73,1656.11,40.73,2833.778
2017-05-11,27.85,1858.523,11714.15,36.310001,27.700001,1647.69,40.709999,2826.454
2017-05-12,27.790001,1867.96,11752.76,36.441002,27.704,1661.29,40.93,2837.8
2017-05-15,27.93,1874.573,11805.21,36.630001,27.958,1671.17,41.310001,2851.375
2017-05-16,27.93,1889.464,11856.14,36.959999,28.23,1687.37,41.349998,2869.751
2017-05-17,27.32,1884.268,11816.78,36.748001,27.91,1677.27,40.73,2857.706
2017-05-18,27.379999,1868.752,11786.29,36.790001,27.892,1664.88,39.98,2828.759
2017-05-19,27.620001,1882.75,11870.39,37.189999,28.150999,1684.6,40.689999,2852.821
2017-05-22,27.74,1893.335,11933.8,37.290001,28.26,1690.95,40.68,2865.761
2017-05-23,27.82,1892.434,11946.67,37.275002,28.01,1691.76,40.66,2865.045
2017-05-24,27.83,1887.639,11941.35,37.264999,28.1,1686.28,40.799999,2856.287
2017-05-25,27.83,1892.434,11986.75,37.25,28.059999,1689.49,41.009998,2860.089
2017-05-26,27.84,1885.368,11965.89,37.25,28,1681.4,41.110001,2843.868
2017-05-30,27.76,1883.315,11955.54,37.195,28.09,1676.82,41.040001,2836.9
2017-05-31,27.67,1890.056,12009.22,37.325001,28.120001,1685.15,40.740002,2840.779
2017-06-01,27.940001,1894.621,12055.14,37.599998,28.348,1689.06,41.040001,2845.27
2017-06-02,27.959999,1916.37,12120.51,37.84,28.59,1700.41,41.169998,2875.59
2017-06-05,27.93,1911.408,12106.64,37.720001,28.52,1695.24,41.169998,2863.259
2017-06-06,27.870001,1904.453,12093.69,37.43,28.33,1686.14,41.200001,2856.709
2017-06-07,27.870001,1903.873,12078.53,37.535,28.450001,1684.47,41.169998,2858.373
2017-06-08,27.92,1894.491,12027.71,37.169998,28.450001,1678.19,41.25,2852.334
2017-06-09,28.09,1892.971,12031.22,36.880001,28.360001,1678.61,40.970001,2850.651
2017-06-12,28.15,1886.336,11970.4,36.744999,28.174999,1665.65,40.82,2847.159
2017-06-13,28.290001,1895.767,12077.57,37.201,28.52,1674.77,41.009998,2859.063
2017-06-14,28.200001,1905.827,12148.44,37.240002,28.379999,1679.87,40.98,2868.281
2017-06-15,28.08,1877.044,12028.88,36.950001,28.059,1655.4,40.619999,2823.159
2017-06-16,28.1,1892.928,12106.86,37.310001,28.4,1673.42,40.75,2844.783
2017-06-19,28.309999,1901.798,12168.39,37.48,28.67,1683.41,41.02,2856.086
2017-06-20,28.02,1887.761,12068.26,37.150002,28.120001,1665.07,40.529999,2829.709
2017-06-21,27.940001,1882.649,12016.13,36.849998,27.950001,1664.1,40.43,2820.011
2017-06-22,27.940001,1886.031,12039.37,36.869999,27.99,1666.28,40.580002,2826.674
2017-06-23,27.99,1889.225,12065.21,36.900002,28.15,1668.6,40.73,2830.232
2017-06-26,28.02,1894.497,12090.54,36.990002,28.065001,1675.53,41.16,2837.169
2017-06-27,27.92,1892.877,12077.62,36.849998,28,1675.46,40.73,2841.363
2017-06-28,28.190001,1901.146,12138.7,37.060001,28.280001,1686.07,40.970001,2861.638
2017-06-29,28.07,1895.747,12120.62,36.470001,27.975,1672.85,40.509998,2864.303
2017-06-30,28.120001,1883.192,12061.48,36.630001,28.129999,1663.22,40.830002,2842.884
2017-07-03,28.309999,1887.674,12024.49,36.48,28.059999,1676.06,41.02,2859.571
2017-07-05,28.280001,1883.597,11988.07,36.25,28.059999,1667.85,40.950001,2853.745
2017-07-06,27.99,1882.566,11982.03,36.07,28,1667.91,40.5,2857.233
2017-07-07,28.1,1874.104,11963.96,36.049999,28.030001,1664.56,40.610001,2843.623
2017-07-10,28.120001,1880.447,11989.81,36.150002,28.139999,1670.29,40.900002,2851.283
2017-07-11,28.08,1878.376,11954.17,35.919998,28.129999,1664.03,41.189999,2849.072
2017-07-12,28.24,1900.879,12055.64,36.25,28.450001,1690.09,41.970001,2879.206
2017-07-13,28.35,1904.886,12118.32,36.400002,28.52,1692.89,42.09,2884.139
2017-07-14,28.440001,1918.742,12203.21,36.610001,28.665001,1702.14,42.52,2901.902
2017-07-17,28.43,1920.249,12216.68,36.700001,28.679001,1705.18,42.299999,2903.783
2017-07-18,28.4,1921.051,12244.59,36.66,28.584,1701.99,42.369999,2902.832
2017-07-19,28.540001,1926.131,12310.41,36.764999,28.811001,1705.82,42.779999,2909.651
2017-07-20,28.5,1937.822,12366.78,37.040001,28.910999,1716.7,42.689999,2925.781
2017-07-21,28.459999,1927.65,12345.44,36.950001,28.76,1702.34,42.599998,2909.812
2017-07-24,28.440001,1919.963,12316.5,36.790001,28.68,1696.08,42.759998,2900.356
2017-07-25,28.620001,1925.717,12333.38,36.772999,28.851,1706.43,42.689999,2914.897
2017-07-26,28.58,1929.374,12326.54,36.959999,28.993,1710.3,43,2920.307
2017-07-27,28.549999,1936.449,12391.54,36.959999,28.912001,1713.15,42.779999,2926.669
2017-07-28,28.540001,1931.73,12374.04,37.032001,28.92,1707.81,42.939999,2924.915
2017-07-31,28.57,1936.91,12376.18,37.150002,28.91,1712.13,43.009998,2936.659
2017-08-01,28.610001,1953.099,12450.25,37.470001,29.15,1725.84,43.189999,2963.019
2017-08-02,28.620001,1952.51,12443.35,37.380001,29.129999,1725.34,43.290001,2963.363
2017-08-03,28.469999,1955.39,12452.69,37.449001,29.15,1730.32,43.130001,2965.065
2017-08-04,28.549999,1947.622,12396.07,37.459999,29.18,1728.34,43.240002,2950.873
2017-08-07,28.530001,1953.731,12389.17,37.349998,29.195,1732.49,43.580002,2961.619
2017-08-08,28.469999,1948.235,12369.2,37.02,29.08,1727.28,43.52,2955.581
2017-08-09,28.43,1937.937,12332.13,37.169998,28.922001,1715.22,43.279999,2939.262
2017-08-10,28.01,1927.409,12282.77,36.75,28.573,1698.54,42.279999,2919.916
2017-08-11,28.030001,1916.651,12229.82,36.799999,28.509001,1687.02,42.41,2899.044
2017-08-14,28.280001,1924.358,12305.9,37,28.75,1703.69,42.779999,2911.791
2017-08-15,28.27,1918.817,12263.65,36.950001,28.68,1695.87,42.75,2902.028
2017-08-16,28.27,1926.255,12301.37,37.02,28.940001,1704.97,43.27,2912.296
2017-08-17,27.84,1926.323,12326.88,36.779999,28.67,1700.46,42.720001,2907.277
2017-08-18,27.809999,1916.677,12297,36.68,28.667999,1689.47,43.029999,2895.513
2017-08-21,27.780001,1917.841,12321.86,36.75,28.667999,1692.17,43.139999,2896.037
2017-08-22,28.07,1920.703,12358.7,36.959999,28.83,1698.46,43.52,2896.788
2017-08-23,27.99,1921.697,12348.62,36.794998,28.82,1697.62,43.73,2898.578
2017-08-24,27.950001,1919.537,12350.37,36.729,28.91,1699.19,43.830002,2894.553
2017-08-25,28.02,1927.804,12365.05,36.900002,28.969999,1706.91,44.200001,2907.816
2017-08-28,28,1930.955,12385.57,37.049999,29.02,1712.81,44.189999,2912.293
2017-08-29,28.01,1925.569,12370.91,36.900002,28.870001,1703.35,44.099998,2901.835
2017-08-30,28.110001,1918.77,12332.33,36.93,28.829,1699.31,44.150002,2890.574
2017-08-31,28.27,1930.822,12409.43,37.279999,29.120001,1708.24,44.299999,2908.382
2017-09-01,28.389999,1938.373,12455.22,37.400002,29.282,1717.12,44.619999,2917.666
2017-09-05,28.1,1933.117,12452.02,37.125,29.02,1712.07,44.279999,2908.238
2017-09-06,28.23,1934.554,12462.32,37.264999,29.235001,1715.59,44.599998,2908.097
2017-09-07,28.18,1948.883,12553.33,37.490002,29.450001,1730.12,44.82,2926.608
2017-09-08,28.120001,1953.562,12583.62,37.689999,29.48,1734.35,44.529999,2931.575
2017-09-11,28.459999,1965.493,12607.09,37.73,29.75,1747.11,45.049999,2952.635
2017-09-12,28.639999,1970.234,12605.97,37.808998,29.860001,1751.94,44.970001,2965.244
2017-09-13,28.690001,1965.152,12544.36,37.560001,29.74,1746.35,44.669998,2958.694
2017-09-14,28.67,1959.027,12516.91,37.84,29.780001,1741.61,44.759998,2951.852
2017-09-15,28.73,1964.304,12542.89,37.799999,29.731001,1749.59,45.060001,2958.526
2017-09-18,28.82,1966.491,12559.89,37.854,29.9,1754.06,45.02,2961.368
2017-09-19,28.870001,1978.245,12572.09,37.970001,30.040001,1758.27,45.060001,2983.935
2017-09-20,28.959999,1981.485,12595.58,38,29.92,1760.16,44.41,2990.205
2017-09-21,28.92,1969.264,12505.19,37.779999,29.940001,1754.07,44.450001,2978.421
2017-09-22,28.99,1977.613,12553.47,37.869999,30.059999,1762.4,44.18,2993.469
2017-09-25,28.99,1970.221,12530.27,37.77,29.76,1751.04,43.360001,2980.607
2017-09-26,28.99,1955.992,12452.41,37.549999,29.68,1740.78,43.349998,2961.199
2017-09-27,29.139999,1953.505,12446.55,37.209999,29.84,1738.93,43.110001,2959.542
2017-09-28,29.129999,1963.436,12472.59,37.450001,29.98,1749.91,43.130001,2972.383
2017-09-29,29.23,1973.806,12518.31,37.619999,30.139,1763.38,43.57,2988.88
2017-10-02,29.34,1971.407,12515.7,37.683998,30.139999,1759.61,43.610001,2981.044
2017-10-03,29.4,1977.896,12529.51,37.720001,30.209999,1764.94,44.209999,2990.426
2017-10-04,29.35,1977.254,12538.31,37.757999,30.17,1764.52,44.259998,2980.903
2017-10-05,29.540001,1973.69,12539.15,37.689999,30.110001,1760.89,44.540001,2980.831
2017-10-06,29.469999,1972.366,12517.89,37.605,30.079,1756.39,44.369999,2982.229
2017-10-09,29.360001,1976.31,12534.89,37.5,30.110001,1760.51,44.220001,2987.114
2017-10-10,29.42,1990.278,12624.17,37.849998,30.42,1772.04,44.650002,3002.936
2017-10-11,29.450001,1992.525,12632.04,37.949001,30.48,1776.08,44.779999,3005.201
2017-10-12,29.360001,1995.67,12661.18,37.950001,30.459999,1776.9,44.779999,3005.084
2017-10-13,29.34,2004.054,12699.3,38.162998,30.549999,1780.36,45.18,3014.746
2017-10-16,29.4,2004.69,12677.14,38.082001,30.52,1774.71,45.139999,3017.035
2017-10-17,29.41,1996.157,12634.72,37.889999,30.41,1763.92,44.919998,3005.02
2017-10-18,29.450001,2000.928,12675.16,38.07,30.549999,1772.7,44.959999,3012.916
2017-10-19,29.49,2005.962,12721.67,37.959999,30.49,1773.98,44.630001,3023.664
2017-10-20,29.639999,1997.735,12659.79,37.939999,30.440001,1768.65,44.810001,3014.478
2017-10-23,29.5,1996.716,12632.9,37.880001,30.42,1764.98,44.41,3009.83
2017-10-24,29.559999,1994.799,12604.05,37.73,30.540001,1761.37,44.529999,3010.599
2017-10-25,29.379999,1991.217,12551.02,37.639,30.461,1758.26,44.43,3002.833
2017-10-26,29.42,1992.114,12570.78,37.647999,30.65,1760.6,44.200001,3000.297
2017-10-27,29.530001,1990.659,12549.1,37.68,30.67,1752.31,44.740002,2993.188
2017-10-30,29.450001,1999.961,12596.75,37.790001,30.684999,1763.82,44.380001,3010.035
2017-10-31,29.4,2002.543,12607.43,38.080002,30.77,1770.87,44.630001,3009.477
2017-11-01,29.49,2009.447,12601.15,37.869999,30.809999,1771.71,44.740002,3021.313
2017-11-02,29.48,2013.792,12646.08,37.73,30.85,1773.01,44.880001,3031.309
2017-11-03,29.620001,2008.526,12650.16,37.68,30.82,1768.79,44.619999,3016.472
2017-11-06,29.68,2006.923,12636.95,37.84,30.805,1766.89,45.049999,3012.271
2017-11-07,29.6,2007.87,12633.11,37.693001,30.620001,1756.65,44.77,3015.658
2017-11-08,29.57,2012.896,12669.99,37.737999,30.764999,1757.87,44.93,3021.115
2017-11-09,29.5,2002.547,12657.62,37.459999,30.459999,1748.04,44.759998,3007.258
2017-11-10,29.459999,1999.57,12629.02,37.459999,30.459999,1743.85,44.59,3001.418
2017-11-13,29.4,1985.4,12567.98,37.161999,30.299999,1733.34,44.5,2976.385
2017-11-14,29.24,1984.633,12566.34,37.240002,30.32,1735.5,44.200001,2971.967
2017-11-15,29.139999,1973.833,12535.7,37.029999,30.187,1733.77,43.84,2957.804
2017-11-16,29.35,1985.577,12599.24,37.490002,30.43,1741.62,44.619999,2965.233
2017-11-17,29.309999,1986.149,12599.66,37.43,30.35,1737.91,44.869999,2965.199
2017-11-20,29.299999,1988.093,12624.19,37.540001,30.407,1744.61,45.060001,2961.435
2017-11-21,29.43,1996.053,12670.97,37.646,30.65,1748.62,45.619999,2970.272
2017-11-22,29.469999,2005.56,12694.78,37.779999,30.674999,1752.94,45.77,2989.188
2017-11-24,29.49,2022.855,12794.96,38.02,30.870001,1773.07,45.599998,3013.978
2017-11-27,29.43,2015.803,12773.08,37.93,30.68,1762.1,45.130001,3002.456
2017-11-28,29.85,2014.705,12775.6,38.139999,30.735001,1765.2,45.400002,3002.279
2017-11-29,30.040001,2016.842,12748.72,38.07,30.59,1766.53,44.77,3019.02
2017-11-30,30.290001,2020.125,12809.76,38.34,30.545,1771.14,44.48,3028.626
2017-12-01,30.299999,2003.722,12760.45,38.400002,30.424999,1750.33,44.049999,3002.883
2017-12-04,30.469999,2010.793,12792.34,38.23,30.26,1763.88,44.200001,3014.994
2017-12-05,30.32,2006.335,12789.03,38.150002,30.190001,1758.08,44.130001,3007.185
2017-12-06,30.209999,1994.174,12751.53,38.169998,30.1,1751.4,43.580002,2985.246
2017-12-07,30.290001,1997.807,12753.82,38.32,30.184999,1751.88,43.639999,2990.773
2017-12-08,30.49,2005.313,12756.5,38.422001,30.370001,1758.67,44.139999,3005.219
2017-12-11,30.59,2015.005,12780.46,38.43,30.360001,1764.78,44.43,3022.073
2017-12-12,30.709999,2016.223,12765.26,38.450001,30.389999,1766.99,44.110001,3027.113
2017-12-13,30.620001,2019.81,12802.99,38.490002,30.450001,1766.85,44.59,3032.884
2017-12-14,30.469999,2016.518,12792.51,38.18,30.305,1761.17,44.310001,3027.836
2017-12-15,30.700001,2007.967,12759.99,38.189999,30.379,1756.8,44.43,3010.985
2017-12-18,30.9,2037.847,12857.9,38.560001,30.73,1784.03,44.889999,3052.916
2017-12-19,30.83,2029.074,12798.24,38.560001,30.34,1775.89,44.77,3038.62
2017-12-20,30.860001,2028.641,12789.59,38.465,30.309999,1774.3,44.830002,3041.907
2017-12-21,31.049999,2033.655,12804.35,38.599998,30.4,1781.9,45.060001,3048.94
2017-12-22,31.049999,2032.695,12787.3,38.805,30.448,1776.01,45.43,3045.728
2017-12-26,28.440001,2034.634,12813.76,38.369999,30.48,1778.57,45.48,3047.555
2017-12-27,28.450001,2041.287,12865.35,38.459999,30.563999,1785.66,45.470001,3056.225
2017-12-28,28.5,2043.308,12910.03,38.549999,30.559999,1787.59,45.689999,3059.517
2017-12-29,28.379999,2050.792,12949.92,38.625,30.51,1796.64,45.91,3071.634
2018-01-02,28.67,2055.105,12969.36,38.82,30.74,1797.97,46.700001,3081.375
2018-01-03,28.809999,2058.541,12961.78,38.919998,30.99,1803.22,47.150002,3083.08
2018-01-04,28.969999,2089.16,13055.07,39.130001,31.450001,1827.31,47.439999,3131.017
2018-01-05,29.110001,2100.912,13133.41,39.400002,31.700001,1838.21,47.860001,3147.554
2018-01-08,29.110001,2099.015,13120.71,39.279999,31.6,1834.13,47.869999,3146.277
2018-01-09,29.18,2105.119,13133.79,39.264999,31.611,1834.99,47.860001,3155.338
2018-01-10,29.219999,2112.059,13127.99,39.009998,31.620001,1836.76,47.650002,3177.058
2018-01-11,29.49,2113.124,13113.12,39.139999,31.790001,1840.58,47.959999,3184.733
2018-01-12,29.74,2126.096,13154.46,39.52,32.07,1861.26,48.470001,3208.401
2018-01-16,29.610001,2145.293,13251.64,39.529999,32.16,1873.24,48.23,3234.374
2018-01-17,29.77,2144.207,13280.16,39.650002,32.439999,1873.11,48.91,3229.219
2018-01-18,29.709999,2141.651,13275.91,39.509998,32.400002,1876.22,48.990002,3224.643
2018-01-19,29.84,2152.404,13323.73,39.57,32.689999,1883.86,49.450001,3233.923
2018-01-22,30.1,2160.441,13355.96,39.722,32.77,1894.07,49.849998,3250.823
2018-01-23,30.17,2176.094,13414.6,39.945,32.790001,1903.36,50.029999,3268.408
2018-01-24,30.209999,2183.405,13504.47,40.029999,32.849998,1907.26,50.490002,3286.11
2018-01-25,30.1,2186.649,13536.62,40,32.599998,1915.23,50.310001,3299.163
2018-01-26,30.379999,2184.489,13530.4,40.389999,32.950001,1913.88,50.98,3290.045
2018-01-29,30.17,2171.218,13436.25,39.900002,32.674999,1898.71,50.18,3272.434
2018-01-30,29.790001,2157.735,13399.71,39.785,32.41,1889.78,49.540001,3247.491
2018-01-31,29.790001,2153.054,13437.83,39.889,32.369999,1892.98,49.84,3236.18
2018-02-01,29.790001,2154.321,13408.41,39.810001,32.48,1884.41,49.369999,3240.894
2018-02-02,29.08,2123.824,13215.83,39.043999,31.68,1853.73,48.259998,3199.254
2018-02-05,27.84,2087.584,12995.29,37.52,30.280001,1822.53,46.709999,3148.222
2018-02-06,28.32,2020.885,12688.47,38.16,30.799,1767.17,47.869999,3046.599
2018-02-07,28.23,2042.537,12776.44,37.846001,30.48,1794.12,46.509998,3075.103
2018-02-08,27.23,2022.674,12645.07,37.110001,29.639999,1760.52,44.959999,3051.08
2018-02-09,27.530001,1992.306,12531.95,37.290001,29.879999,1733.31,45.639999,3002.553
2018-02-12,27.879999,2011.275,12611.18,37.43,30.24,1758.08,46.27,3028.52
2018-02-13,27.950001,2014.465,12616.63,37.515999,30.190001,1758.39,46.630001,3028.94
2018-02-14,28.389999,2033.827,12704.06,38.154999,30.799999,1783.97,47.59,3054.787
2018-02-15,28.629999,2058.658,12821.76,38.369999,31.200001,1803.23,48.48,3084.922
2018-02-16,28.639999,2075.67,12919.97,38.674999,31.395,1818.27,48.299999,3109.735
2018-02-20,28.389999,2065.532,12883.87,38.25,30.999001,1802.23,47.869999,3094.91
2018-02-21,28.24,2062.283,12880.68,38.02,30.99,1802.1,47.810001,3086.866
2018-02-22,28.219999,2057.744,12849.93,38.259998,31.034,1798.81,47.869999,3080.602
2018-02-23,28.65,2065.208,12926.19,38.470001,31.299999,1799.25,48.650002,3094.001
2018-02-26,28.940001,2076.303,12991.55,38.810001,31.540001,1807.09,49.110001,3110.239
2018-02-27,28.540001,2070.373,12914,38.16,31.205,1796.53,47.790001,3102.561
2018-02-28,28.17,2051.728,12818.57,37.830002,30.870001,1777.75,47.169998,3073.776
2018-03-01,27.870001,2022.428,12682.52,37.43,30.299,1753.1,47.16,3033.033
2018-03-02,27.969999,2005.078,12647.95,37.639999,30.309,1734.6,47.279999,3004.848
2018-03-05,28.280001,2011.701,12681.63,37.769001,30.41,1755.13,47.419998,3011.017
2018-03-06,28.33,2030.166,12763.23,37.93,30.796,1767.6,47.560001,3033.679
2018-03-07,28.26,2027.948,12755.88,37.959999,30.74,1773.64,47.549999,3029.609
2018-03-08,28.35,2036.805,12816.47,37.995998,30.858999,1781.11,47.580002,3035.092
2018-03-09,28.84,2040.898,12847.71,38.259998,31.08,1787.07,48.43,3035.573
2018-03-12,28.799999,2056.903,12910.7,38.271,31.165001,1791.49,48.599998,3060.977
2018-03-13,28.549999,2054.046,12894.07,38.09,30.955,1784.95,48.130001,3055.373
2018-03-14,28.360001,2046.224,12867.81,38.189999,31.063,1777.04,48.189999,3040.539
2018-03-15,28.290001,2047.886,12881.31,38.240002,31.139999,1780.47,48,3041.297
2018-03-16,28.379999,2043.585,12854.38,38.130001,31.087999,1779.14,47.849998,3041.374
2018-03-19,27.969999,2030.5,12809.99,38.064999,30.709999,1766.61,47.400002,3018.309
2018-03-20,27.889999,2026.548,12794.98,37.939999,30.870001,1767.56,47.810001,3017.052
2018-03-21,27.959999,2024.762,12813.55,37.849998,30.938999,1764.37,48.07,3015.569
2018-03-22,27.25,2015.978,12763.32,37.169998,30.379999,1743.07,46.549999,2995.963
2018-03-23,26.75,1989.607,12674.15,37.099998,29.889999,1734.29,45.869999,2961.144
2018-03-26,27.389999,1989.651,12648.65,37.57,30.341999,1733.83,47.16,2962.669
2018-03-27,27.02,2011.225,12730.12,37.279999,30.152,1748.24,46.459999,2992.242
2018-03-28,27.040001,2001.796,12724.67,37.790001,30.25,1750.57,46.139999,2980.067
2018-03-29,27.379999,2002.235,12752.5,37.950001,30.59,1750.54,46.98,2979.823
2018-04-02,26.860001,2005.392,12732.11,37.419998,29.92,1752.65,46.290001,2982.634
2018-04-03,27.219999,1992.238,12702.02,37.602001,30.23,1738.71,46.740002,2963.987
2018-04-04,27.5,1988.745,12683.92,37.950001,30.24,1734.92,46.889999,2965.257
2018-04-05,27.76,2014.199,12786.01,38.16,30.42,1766.64,46.990002,3001.654
2018-04-06,27.26,2013.31,12775.69,38.040001,30.200001,1765.12,46.16,2999.287
2018-04-09,27.32,2024.285,12865.16,38.52,30.41,1774.59,46.119999,3015.39
2018-04-10,27.77,2044.093,12935.06,38.685001,30.799999,1795.21,46.98,3047.653
2018-04-11,27.639999,2041.196,12909.66,38.549999,30.712,1789.58,47.040001,3046.288
2018-04-12,27.84,2037.434,12878.88,38.610001,30.75,1791.51,47.029999,3041.81
2018-04-13,27.75,2042.408,12886.81,38.564999,30.790001,1794.59,46.540001,3051.469
2018-04-16,27.93,2043.581,12925.66,38.688,30.889999,1793.16,46.580002,3053.093
2018-04-17,28.08,2050.602,12963.43,38.990002,31.08,1804.64,46.619999,3061.403
2018-04-18,28.110001,2065.015,13027.1,39.050999,31.17,1814.82,46.950001,3082.274
2018-04-19,28.049999,2064.238,13020.15,38.939999,31.030001,1813.27,46.689999,3089.273
2018-04-20,27.84,2050.721,12947.04,38.68,30.940001,1800.48,46.139999,3072.204
2018-04-23,27.9,2044.819,12904.73,38.390999,30.870001,1798.02,45.830002,3070.512
2018-04-24,27.68,2047.807,12895.78,38.189999,30.74,1797.46,45.619999,3075.539
2018-04-25,27.76,2030.716,12834.45,38.150002,30.639999,1777.76,45.279999,3049.76
2018-04-26,27.940001,2036.378,12896.29,38.549,30.9,1785.44,45.75,3052.911
2018-04-27,27.969999,2042.829,12959.37,38.59,30.870001,1788.36,45.990002,3058.781
2018-04-30,27.76,2043.656,12965.06,38.555,30.799999,1788.79,45.68,3061.969
2018-05-01,27.74,2029.622,12895.56,38.330002,30.68,1773.1,45.419998,3041.21
2018-05-02,27.6,2032.72,12884.85,38.310001,30.709999,1779.15,45.119999,3042.403
2018-05-03,27.459999,2026.732,12856.69,38.490002,30.75,1764.99,44.98,3030.21
2018-05-04,27.780001,2031.201,12871.91,38.43,30.83,1773.76,45.200001,3035.111
2018-05-07,27.85,2037.309,12916.43,38.549999,30.93,1782.09,45.080002,3040.206
2018-05-08,27.889999,2033.955,12906.93,38.68,30.950001,1775.11,45.310001,3030.341
2018-05-09,28.190001,2039.145,12923.7,38.790001,30.93,1786.99,45.369999,3043.594
2018-05-10,28.440001,2043.791,12962.36,38.93,31.23,1788.53,46.27,3047.822
2018-05-11,28.530001,2059.941,13025.84,39.040001,31.360001,1800.06,46.110001,3071.036
2018-05-14,28.629999,2066.798,13045.25,39.18,31.370001,1804.1,46.25,3077.987
2018-05-15,28.52,2048.757,12931.71,38.830002,31.17,1789.27,45.369999,3054.227
2018-05-16,28.65,2041.883,12904.35,38.93,31.35,1781.41,46.009998,3034.621
2018-05-17,28.67,2050.452,12936.77,39.02,31.32,1793.68,45.369999,3048.146
2018-05-18,28.540001,2047.364,12938.41,39.049999,31.25,1785.56,44.950001,3039.819
2018-05-21,28.73,2048.577,12962.2,39.237,31.52,1788.38,45.240002,3034.295
2018-05-22,28.690001,2053.913,13010.79,39.150002,31.43,1796.15,45.419998,3045.948
2018-05-23,28.639999,2029.274,12911.75,38.919998,31.08,1765.11,45.220001,3004.491
2018-05-24,28.549999,2023.032,12935.98,38.882,30.98,1757.96,45.060001,2985.014
2018-05-25,28.41,2014.523,12912.94,38.75,30.889999,1749.62,45.169998,2961.735
2018-05-29,27.99,1982.085,12779.71,38.189999,30.280001,1707.66,44.169998,2904.705
2018-05-30,28.4,1981.98,12821.08,38.810001,30.629999,1719.79,44.560001,2906.429
2018-05-31,28.15,1986.168,12813.68,38.619999,30.65,1717.22,44.610001,2905.588
2018-06-01,28.4,1992.396,12805.07,38.91,30.700001,1732.33,45.110001,2920.254
2018-06-04,28.42,2009.944,12920.1,38.932999,30.927,1742.36,45.580002,2948.8
2018-06-05,28.4,2000.907,12876.77,38.970001,30.944,1732.6,45.18,2925.549
2018-06-06,28.700001,2014.793,12943.91,39.220001,31.139999,1748.57,45.830002,2948.379
2018-06-07,28.790001,2021.076,12954.43,38.998001,31.030001,1751.16,45.130001,2961.821
2018-06-08,28.9,2010.488,12931.76,38.990002,31.111,1739.06,45.099998,2941.691
2018-06-11,28.950001,2023.54,12971.18,39.314999,31.299999,1757.56,45.040001,2960.978
2018-06-12,28.93,2019.416,12978.31,39.080002,31,1752.21,45.009998,2951.152
2018-06-13,28.84,2019.458,12949.51,39.279999,31.07,1753.04,44.68,2945.833
2018-06-14,28.870001,2015.243,12902.93,39.27,31.040001,1756.26,44.439999,2944.714
2018-06-15,28.809999,2000.094,12836.79,39.18,30.903999,1734.02,44.200001,2912.85
2018-06-18,28.75,1983.863,12780.79,38.756001,30.67,1719.29,43.689999,2892.155
2018-06-19,28.66,1962.152,12681.09,38.453999,29.99,1700.17,43.189999,2866.854
2018-06-20,28.719999,1971.245,12715.91,38.169998,29.98,1706.55,43.330002,2876.288
2018-06-21,28.58,1963.992,12687.01,37.950001,29.83,1695.67,42.720001,2859.631
2018-06-22,28.76,1980.44,12764.65,38.419998,30.030001,1721.16,42.790001,2890.155
2018-06-25,28.35,1953.623,12658.18,37.959999,29.59,1689.65,42.23,2852.812
2018-06-26,28.43,1952.314,12691.13,37.949001,29.639999,1688.19,42.060001,2853.671
2018-06-27,28.280001,1950.219,12652.36,37.700001,29.509001,1691.08,41.130001,2849.136
2018-06-28,28.370001,1938.946,12602.07,37.709999,29.57,1675.74,41.52,2837.89
2018-06-29,28.41,1958.64,12696.42,38.080002,29.66,1702.61,42.200001,2862.149
2018-07-02,28.440001,1930.128,12578.37,37.674,29.27,1678.76,41.740002,2821.324
2018-07-03,28.389999,1946.255,12662.75,37.889999,29.33,1698.7,41.779999,2845.784
2018-07-05,28.57,1954.385,12736.71,38.389999,29.43,1714.88,41.740002,2870.303
2018-07-06,28.799999,1969.61,12816.16,38.639999,29.74,1726.31,42.25,2889.909
2018-07-09,29.110001,1984.196,12870.69,38.73,30.01,1737,43.02,2910.938
2018-07-10,29.190001,1984.427,12845.59,38.75,30.110001,1738.74,42.98,2906.014
2018-07-11,28.93,1961.466,12770.8,38.324001,29.669001,1716.61,42.18,2867.654
2018-07-12,29.1,1966.115,12784.49,38.860001,29.879999,1724.36,42.77,2868.287
2018-07-13,29.129999,1972.68,12797.16,38.970001,30.07,1725.14,42.799999,2870.162
2018-07-16,29.139999,1972.345,12817,39,30.02,1725.33,42.560001,2865.585
2018-07-17,29.16,1972.644,12825.76,38.84,30.061001,1725.87,42.889999,2865.043
2018-07-18,29.23,1977.74,12815.71,38.824001,30.059999,1729.81,42.849998,2870.033
2018-07-19,29.139999,1970.941,12773.65,38.490002,29.996,1721.89,42.360001,2862.665
2018-07-20,29.120001,1985.189,12891.24,38.759998,30.15,1733.11,42.91,2880.427
2018-07-23,29.23,1980.696,12869.62,38.799999,30.040001,1729.6,42.779999,2883.354
2018-07-24,29.33,1997.03,12900.49,38.82,30.190001,1744.49,43.419998,2911.705
2018-07-25,29.549999,1992.823,12888.31,38.900002,30.48,1735.01,44.110001,2904.981
2018-07-26,29.620001,2002.298,12935.35,39.014999,30.26,1746.52,43.68,2918.319
2018-07-27,29.540001,2011.478,12976.09,39.110001,30.309999,1752.54,43.740002,2936.876
2018-07-30,29.540001,2011.388,12991.54,39.151001,30.129999,1756.22,43.68,2945.122
2018-07-31,29.639999,2006.058,12988.88,39.16,30.1,1758.44,43.880001,2942.244
2018-08-01,29.559999,1999.961,12955.39,38.941002,30.01,1745.73,43.549999,2928.56
2018-08-02,29.610001,1976.624,12887.58,38.832001,29.83,1722.51,43.049999,2887.906
2018-08-03,29.780001,1981.844,12930.43,38.875,29.83,1730.84,43.32,2894.302
2018-08-06,29.85,1974.914,12903.73,38.744999,29.761999,1723.82,42.990002,2882.879
2018-08-07,29.91,1991.476,12926.8,38.860001,29.959999,1737.3,43.380001,2912.3
2018-08-08,29.879999,1991.052,12930.24,38.799999,29.959999,1735.58,43.279999,2913.104
2018-08-09,29.860001,1987.278,12937.93,38.650002,29.92,1731.79,43.220001,2900.363
2018-08-10,29.639999,1950.799,12777.76,37.860001,29.459999,1692.06,42.360001,2847.325
2018-08-13,29.440001,1933.571,12704.54,37.900002,29.25,1685.41,41.68,2816.156
2018-08-14,29.639999,1936.312,12755.69,37.93,29.299999,1679.17,41.93,2815.307
2018-08-15,29.370001,1910.817,12688.39,37.52,28.790001,1647.43,40.700001,2778.963
2018-08-16,29.68,1922.553,12774.51,37.645,29,1666.55,40.990002,2795.594
2018-08-17,29.83,1927.779,12815.37,38.130001,29.18,1667.77,41.34,2803.178
2018-08-20,29.940001,1938.112,12855.98,38.161999,29.32,1680.78,41.52,2814.13
2018-08-21,29.99,1947.382,12869.23,38.529999,29.540001,1697.26,41.970001,2826.539
2018-08-22,30.01,1958.193,12904.48,38.700001,29.698,1708.18,42.220001,2843.361
2018-08-23,29.92,1947.28,12838.08,38.389999,29.59,1701.6,41.560001,2821.962
2018-08-24,30.059999,1957.026,12863.72,38.528999,29.74,1710.26,42.18,2833.237
2018-08-27,30.299999,1976.299,12948.09,38.830002,30.212999,1725.55,42.869999,2856.646
2018-08-28,30.280001,1982.246,12977.15,38.952999,30.268999,1731.44,42.66,2863.657
2018-08-29,30.4,1984.143,12981.95,39.259998,30.41,1733.3,42.900002,2867.854
2018-08-30,30.25,1976.203,12958.15,38.763,30.190001,1722.65,41.759998,2850.582
2018-08-31,30.209999,1962.045,12889.01,38.66,29.98,1704.61,42.040001,2825.209
2018-09-04,30.139999,1938.192,12748.2,38.283001,29.82,1683.05,41.099998,2794.425
2018-09-05,30.120001,1923.607,12696.85,38.039001,29.408001,1674.56,40.66,2782.299
2018-09-06,29.969999,1914.366,12681.81,37.959999,29.33,1665.45,40.639999,2768.989
2018-09-07,29.950001,1905.439,12661,37.687,29.056999,1660.16,40.459999,2753.026
2018-09-10,30.040001,1911.979,12663.89,37.813999,29.139999,1670.35,39.98,2764.685
2018-09-11,30.09,1911.65,12685.7,37.91,29.27,1666.63,40.029999,2763.338
2018-09-12,30.17,1921.874,12755.95,38.082001,29.5,1679.97,40.279999,2778.24
2018-09-13,30.219999,1929.861,12787.89,38.300999,29.655001,1685.57,40.790001,2794.387
2018-09-14,30.26,1939.017,12793.29,38.189999,29.719999,1690.03,40.740002,2806.198
2018-09-17,30.200001,1943.471,12819.63,38.23,29.77,1695.38,40.419998,2819.092
2018-09-18,30.379999,1953.441,12874.61,38.389999,30.1,1698.88,40.740002,2837.578
2018-09-19,30.51,1964.235,12876.7,38.280998,30.280001,1700.77,41.290001,2858.019
2018-09-20,30.73,1981.806,12949.59,38.639999,30.549999,1725.05,41.630001,2886.802
2018-09-21,30.75,1994.965,12981.54,38.400002,30.65,1734.81,41.799999,2908.697
2018-09-24,30.559999,1989.251,12947.47,38.297001,30.549999,1729.19,41.279999,2902.476
2018-09-25,30.48,1996.994,12953.91,38.509998,30.73,1736.51,41.540001,2915.667
2018-09-26,30.360001,1996.291,12964.15,38.400002,30.780001,1736.31,41.139999,2908.434
2018-09-27,30.43,1985.895,12913.78,38.330002,30.73,1732.74,41.259998,2896.465
2018-09-28,30.34,1973.599,12887.89,38.200001,30.459999,1709.28,41,2872.907
2018-10-01,30.51,1970.264,12855.78,38.23,30.709999,1708.01,41.099998,2862.854
2018-10-02,30.51,1961.057,12781.1,37.813,30.42,1695.28,40.66,2854.352
2018-10-03,30.549999,1957.334,12762.62,37.895,30.360001,1701.3,40.32,2848.083
2018-10-04,30.459999,1941.638,12655.77,37.34,29.759001,1680.83,39.400002,2843.18
2018-10-05,30.32,1927.139,12584.13,37.199001,29.549999,1665,39.220001,2824.445
2018-10-08,30.379999,1910.135,12523.23,36.860001,29.379999,1641.93,39.290001,2801.845
2018-10-09,30.360001,1903.142,12519.2,36.740002,29.370001,1645.1,39.189999,2797.851
2018-10-10,29.540001,1893.464,12447.1,36.23,28.4,1628.28,38.099998,2804.443
2018-10-11,28.870001,1851.205,12242.7,35.923,28.049999,1599.48,37.759998,2740.201
2018-10-12,29.07,1850.755,12210.41,35.919998,28.33,1595.8,38.720001,2728.406
2018-10-15,29.02,1847.988,12190.99,35.881001,28.23,1602.03,38.34,2729.473
2018-10-16,29.5,1867.552,12311.81,36.455002,28.75,1625.2,39.220001,2751.906
2018-10-17,29.5,1866.208,12324.09,36.040001,28.559999,1611.66,38.75,2751.39
2018-10-18,29.15,1852.352,12303.93,35.700001,28.030001,1597.71,37.740002,2736.08
2018-10-19,29.25,1849.368,12304.54,35.98,28.17,1597.72,38.09,2733.361
2018-10-22,28.98,1840.618,12277.5,35.75,28.181,1587.28,38.490002,2716.661
2018-10-23,28.790001,1809.129,12149.13,35.592999,27.73,1562.2,38.110001,2674.578
2018-10-24,27.959999,1797.609,12123.67,34.84,26.85,1549.47,37,2654.318
2018-10-25,28.389999,1784.142,12096.78,35.049999,27.299999,1555.17,37.700001,2634.255
2018-10-26,28.030001,1777.763,12064.9,34.900002,27.049999,1542.44,37.41,2627.309
2018-10-29,27.98,1785.297,12078.85,34.709999,26.82,1558.19,36.68,2644.572
2018-10-30,28.379999,1788.763,12121.18,35.02,27.23,1555.01,37.43,2646.643
2018-10-31,28.6,1815.167,12218.57,35.341,27.49,1577.24,37.860001,2679.145
2018-11-01,28.84,1826.251,12272.24,35.643002,27.85,1592.47,39.220001,2692.783
2018-11-02,28.73,1837.049,12270.44,35.719002,27.959999,1593.93,39.360001,2698.195
2018-11-05,28.959999,1829.933,12275.8,35.580002,27.85,1595.34,39.540001,2698.293
2018-11-06,29.09,1834.936,12321.63,35.689999,28,1592.46,39.389999,2705.854
2018-11-07,29.57,1852.254,12427.52,36.32,28.35,1616.48,40.09,2730.027
2018-11-08,29.5,1856.932,12468.44,35.919998,28.08,1613.18,39.119999,2740.23
2018-11-09,29.209999,1840.666,12438.25,35.752998,27.809999,1597.5,38.450001,2715.88
2018-11-12,28.68,1819.045,12375.51,35.32,27.370001,1568.26,37.939999,2684.29
2018-11-13,28.620001,1818.595,12400.93,35.52,27.409,1583.04,38.389999,2678.888
2018-11-14,28.41,1813.658,12388.16,35.720001,27.309999,1577.79,38.689999,2670.862
2018-11-15,28.65,1807.095,12376.64,35.529999,27.49,1563.85,39.450001,2657.311
2018-11-16,28.67,1812.835,12441.7,35.472,27.530001,1571.48,39.59,2667.023
2018-11-19,28.42,1812.924,12421.69,35.25,27.288,1567.73,39.099998,2669.769
2018-11-20,27.780001,1789.116,12294.26,34.66,26.59,1544.24,38.279999,2642.029
2018-11-21,27.92,1796.588,12342.99,34.970001,26.959999,1559.82,39,2650.193
2018-11-23,27.700001,1792.507,12376.03,35.029999,27.009001,1546.86,38.59,2634.132
2018-11-26,28.08,1804.741,12435.68,35.41,27.25,1565.84,38.860001,2657.498
2018-11-27,28.129999,1799.773,12416.59,35.25,27.142,1555.13,39.139999,2651.546
2018-11-28,28.65,1800.642,12434.72,35.615002,27.530001,1553.28,40.009998,2649.15
2018-11-29,28.610001,1819.809,12508.06,35.529999,27.530001,1571.09,39.740002,2671.987
2018-11-30,28.690001,1809.564,12461.44,35.259998,27.415001,1559.72,39.689999,2656.156
2018-12-03,28.93,1835.661,12534.12,35.610001,27.549999,1579.4,40.48,2689.376
2018-12-04,28.030001,1817.916,12486.49,35.014999,27.1,1568.05,39.73,2660.021
2018-12-06,27.790001,1758.353,12256.63,34.75,26.75,1505.43,39.41,2574.659
2018-12-07,27.27,1768.481,12320.32,34.299999,26.700001,1516.48,38.619999,2588.445
2018-12-10,27.15,1732.448,12124.55,34.009998,26.57,1486.19,38.169998,2534.53
2018-12-11,27.059999,1740,12135.33,33.990002,26.610001,1501.99,38.560001,2541.603
2018-12-12,27.16,1775.102,12287.2,34.509998,26.959999,1532.8,39.139999,2592.71
2018-12-13,27.139999,1773.462,12261.79,34.450001,26.83,1528.12,39.200001,2593.237
2018-12-14,26.65,1752.741,12205.97,34.025002,26.450001,1511.83,38.709999,2567.044
2018-12-17,26.23,1748.198,12168.77,33.709999,26.18,1499.76,38.290001,2562.132
2018-12-18,26.059999,1732.097,12103.07,33.66,25.905001,1490.4,38.529999,2536.989
2018-12-19,25.790001,1740.549,12116.91,33.48,25.68,1502.39,37.889999,2552.692
2018-12-20,25.41,1713.272,11991.17,33.400002,25.459999,1480.24,38.18,2515.519
2018-12-21,24.91,1706.01,11886.05,32.910999,25.09,1480.01,37.869999,2502.76
2018-12-24,24.280001,1703.416,11837.36,32.664001,24.83,1473.8,37.32,2499.624
2018-12-26,22.040001,1686.686,11818.43,33.226002,25.360001,1471.79,37.98,2476.366
2018-12-27,22.16,1687.563,11824.01,33.138,25.440001,1447.41,37.900002,2471.916
2018-12-28,22.16,1712.32,11947.04,33.360001,25.629999,1480.57,38.169998,2513.177
2018-12-31,22.32,1719.878,11988.66,33.390999,25.6,1486.4,38.099998,2522.38
