Date,FIVLX,MSCI_Val,CAC40,FTSE 100,NIKKEI,MSCI_Europe
2015-01-05,7.81,2736.766,4111.359863,6417.15860228,17408.710938,1545.22
2015-01-06,7.73,2705.95,4083.5,6366.51496086,16883.189453,1532.48
2015-01-07,7.78,2693.263,4112.72998,6419.8298745,16885.330078,1525.06
2015-01-08,7.93,2750.6,4260.189941,6569.95938054,17167.099609,1566.16
2015-01-09,7.88,2737.456,4179.069824,6501.14498344,17197.730469,1550.51
2015-01-13,7.92,2759.967,4290.279785,6542.19619521,17087.710938,1574.38
2015-01-14,7.89,2727.952,4223.240234,6388.45709191,16795.960938,1551.29
2015-01-15,7.94,2752.647,4323.200195,6498.7763804,17108.699219,1565.87
2015-01-16,8.02,2753.195,4379.620117,6550.26953164,16864.160156,1571.98
2015-01-20,8.07,2794.835,4446.02002,6620.09764672,17366.300781,1597.86
2015-01-21,8.13,2815.775,4484.819824,6728.04360762,17280.480469,1610.22
2015-01-22,8.17,2825.926,4552.799805,6796.63269837,17329.019531,1613.06
2015-01-23,8.14,2832.445,4640.689941,6832.83274216,17511.75,1617.65
2015-01-26,8.22,2839.49,4675.129883,6852.39789824,17468.519531,1627.57
2015-01-27,8.23,2862.841,4624.209961,6811.60540625,17768.300781,1632.21
2015-01-28,8.13,2852.554,4610.939941,6825.93570056,17795.730469,1625.18
2015-01-29,8.23,2832.83,4631.430176,6810.60250616,17606.220703,1622.62
2015-01-30,8.13,2817.527,4604.25,6749.40185911,17674.390625,1606.97
2015-02-02,8.22,2838.758,4627.669922,6782.55211115,17558.039063,1617.26
2015-02-03,8.33,2874.923,4677.899902,6871.79586451,17335.849609,1645.73
2015-02-04,8.3,2890.196,4696.299805,6860.01995572,17678.740234,1650.05
2015-02-05,8.37,2897.574,4703.299805,6865.93013981,17504.619141,1652.71
2015-02-06,8.29,2885.816,4691.029785,6853.44159113,17648.5,1643.85
2015-02-09,8.22,2875.105,4651.080078,6837.14681521,17711.929688,1631.07
2015-02-10,8.29,2877.31,4695.649902,6829.12341386,17652.679688,1638.91
2015-02-12,8.42,2898.274,4726.200195,6828.1108874,17979.720703,1652.95
2015-02-13,8.46,2931.005,4759.359863,6873.52115281,17913.359375,1667.63
2015-02-17,8.47,2934.19,4753.990234,6898.13059221,17987.089844,1667.42
2015-02-18,8.52,2955.14,4799.029785,6898.07866173,18199.169922,1676.15
2015-02-19,8.54,2964.958,4833.279785,6888.89803559,18264.789063,1684.36
2015-02-20,8.61,2967.252,4830.899902,6915.20498908,18332.300781,1684.96
2015-02-23,8.57,2972.582,4862.299805,6912.15529213,18466.919922,1694.88
2015-02-24,8.61,2985.664,4886.439941,6949.62924718,18603.480469,1701.72
2015-02-25,8.61,2992.083,4882.220215,6935.38293585,18585.199219,1702.69
2015-02-26,8.58,2981,4910.620117,6949.73431785,18785.789063,1698.12
2015-02-27,8.58,2988.759,4951.47998,6946.65628643,18797.939453,1705.44
2015-03-02,8.58,2975.573,4917.319824,6940.63897467,18826.880859,1698.16
2015-03-03,8.52,2962.821,4869.25,6889.12607874,18815.160156,1680.77
2015-03-04,8.5,2947.96,4917.350098,6919.23721081,18703.599609,1676.18
2015-03-05,8.52,2952.53,4963.509766,6961.13788355,18751.839844,1683.14
2015-03-06,8.41,2921.569,4964.350098,6911.79620972,18971,1658.86
2015-03-09,8.41,2907.139,4937.200195,6876.47413843,18790.550781,1652.57
2015-03-10,8.24,2854.185,4881.950195,6702.84445811,18665.109375,1615.86
2015-03-11,8.26,2853.768,4997.75,6721.51414445,18723.519531,1620
2015-03-12,8.36,2874.911,4987.330078,6761.0742958500005,18991.109375,1625.57
2015-03-13,8.3,2856.774,5010.459961,6740.581858,19254.25,1615.68
2015-03-16,8.43,2882.3,5061.160156,6804.07856897,19246.060547,1639.57
2015-03-17,8.41,2883.04,5028.930176,6837.61405262,19437,1632.57
2015-03-18,8.58,2905.416,5033.419922,6945.19549626,19544.480469,1644.36
2015-03-19,8.48,2914.281,5037.180176,6962.3178561,19476.560547,1650.24
2015-03-20,8.66,2976.731,5087.490234,7022.50502883,19560.220703,1690.7
2015-03-23,8.7,3001.642,5054.52002,7037.66732255,19754.359375,1699.87
2015-03-24,8.68,3003.074,5088.279785,7019.68177839,19713.449219,1701.34
2015-03-25,8.63,3007.459,5020.990234,6990.96990434,19746.199219,1694.85
2015-03-26,8.55,2968.873,5006.350098,6895.33112658,19471.119141,1670.31
2015-03-27,8.56,2952.67,5034.060059,6855.02138123,19285.630859,1670.22
2015-03-30,8.58,2952.564,5083.52002,6891.43082145,19411.400391,1679.2
2015-03-31,8.45,2915.845,5033.640137,6773.03608487,19206.990234,1654
2015-04-01,8.5,2921.205,5062.220215,6809.49524115,19034.839844,1662.13
2015-04-02,8.57,2949.618,5074.140137,6833.45963046,19312.789063,1677.93
2015-04-07,8.67,2990.831,5151.189941,6961.76535365,19640.539063,1702.57
2015-04-08,8.7,2980.372,5136.859863,6937.40964434,19789.810547,1691.26
2015-04-09,8.71,2979.548,5208.950195,7015.35598767,19937.720703,1691.78
2015-04-10,8.73,2984.794,5240.459961,7089.77295353,19907.630859,1699.24
2015-04-13,8.7,2974.602,5254.120117,7064.30049543,19905.460938,1693.35
2015-04-14,8.75,3002.794,5218.060059,7075.2649074,19908.679688,1705.49
2015-04-15,8.78,2998.065,5254.350098,7096.77872103,19869.759766,1702.21
2015-04-16,8.78,3012.056,5224.490234,7060.44851285,19885.769531,1704.13
2015-04-17,8.69,2991.465,5143.259766,6994.62974068,19652.880859,1685.82
2015-04-20,8.7,2996.736,5187.589844,7052.12646912,19634.490234,1695.99
2015-04-21,8.76,3008.088,5192.640137,7062.93291598,19909.089844,1702.67
2015-04-22,8.78,3007.421,5211.089844,7028.24487697,20133.900391,1699.44
2015-04-23,8.82,3019.621,5178.910156,7053.67263113,20187.650391,1704.06
2015-04-24,8.85,3045.285,5201.450195,7070.70383743,20020.039063,1718.88
2015-04-27,8.91,3070.565,5268.910156,7103.97584375,19983.320313,1738.82
2015-04-28,8.89,3071.577,5173.379883,7030.52920278,20058.949219,1728.12
2015-04-30,8.76,3033.001,5046.490234,6960.62940902,19520.009766,1717.7
2015-05-07,8.7,2988.94,4967.220215,6886.94967316,19291.990234,1695.65
2015-05-08,8.9,3043.329,5090.390137,7046.82351059,19379.189453,1737.06
2015-05-11,8.85,3040.432,5027.870117,7029.84940054,19620.910156,1731.79
2015-05-12,8.82,3035.61,4974.649902,6933.7983849,19624.839844,1723.81
2015-05-13,8.88,3058.162,4961.859863,6949.62918326,19764.720703,1736.33
2015-05-14,8.94,3067.295,5029.310059,6973.03601778,19570.240234,1751.36
2015-05-15,8.97,3072.274,4993.819824,6960.48652391,19732.919922,1752.79
2015-05-18,8.94,3065.192,5012.310059,6968.87170459,19890.269531,1748.5
2015-05-19,8.94,3044.704,5117.299805,6995.09955265,20026.380859,1740.28
2015-05-20,8.96,3049.623,5133.299805,7007.26393754,20196.560547,1743.78
2015-05-21,9.02,3066.654,5146.700195,7013.47425088,20202.869141,1753.39
2015-05-22,8.95,3046.22,5142.890137,7031.7211748,20264.410156,1737.15
2015-05-26,8.81,2996.943,5083.540039,6948.99217131,20437.480469,1699.14
2015-05-27,8.89,3009.617,5182.529785,7033.32856713,20472.580078,1718.23
2015-05-28,8.88,3004.103,5137.830078,7040.9237365,20551.460938,1716.25
2015-05-29,8.78,2983.376,5007.890137,6984.42696532,20563.150391,1693.6
2015-06-01,8.76,2967.9,5025.299805,6953.58229604,20569.869141,1685.53
2015-06-02,8.81,2990.986,5004.459961,6928.26832767,20543.189453,1703.59
2015-06-03,8.87,3015.583,5034.169922,6950.46046546,20473.509766,1722.34
2015-06-04,8.77,2989.899,4987.129883,6859.23771049,20488.189453,1710.33
2015-06-05,8.65,2933.379,4920.740234,6804.59669231,20460.900391,1669.03
2015-06-08,8.64,2928.13,4857.660156,6790.04148721,20457.189453,1667.69
2015-06-09,8.6,2920.394,4850.220215,6753.79625786,20096.300781,1666.73
2015-06-10,8.76,2973.4,4934.910156,6830.27333396,20046.359375,1705.89
2015-06-11,8.79,2976.612,4971.370117,6846.74409725,20382.970703,1704.84
2015-06-12,8.74,2966.977,4901.189941,6784.91547429,20407.080078,1694.14
2015-06-15,8.67,2931.475,4815.359863,6710.52243047,20387.789063,1664.56
2015-06-16,8.67,2930.924,4839.859863,6710.09635107,20257.939453,1672.33
2015-06-17,8.68,2917.373,4790.620117,6680.54944751,20219.269531,1664.63
2015-06-18,8.73,2949.002,4803.47998,6707.8818422,19990.820313,1692.22
2015-06-19,8.72,2950.256,4815.370117,6710.4477386,20174.240234,1686.99
2015-06-22,8.89,3013.915,4998.609863,6825.66858225,20428.189453,1735.71
2015-06-23,8.9,3008.496,5057.680176,6834.87045917,20809.419922,1722.66
2015-06-24,8.86,3002.366,5045.350098,6844.7980732,20868.029297,1716.76
2015-06-25,8.86,2995.339,5041.709961,6807.82166612,20771.400391,1712.97
2015-06-26,8.84,2976.994,5059.169922,6753.69974377,20706.150391,1706.99
2015-06-29,8.6,2906.385,4869.819824,6620.47849383,20109.949219,1662.32
2015-06-30,8.56,2885.125,4790.200195,6520.97582739,20235.730469,1638.88
2015-07-01,8.62,2899.205,4883.189941,6608.58614324,20329.320313,1657.31
2015-07-02,8.62,2905.867,4835.560059,6630.46701682,20522.5,1651.18
2015-07-06,8.49,2843.237,4711.540039,6535.67611336,20112.119141,1617.57
2015-07-07,8.45,2796.378,4604.640137,6432.21377074,20376.589844,1571.98
2015-07-08,8.33,2793.769,4639.02002,6490.696851,19737.640625,1592.57
2015-07-09,8.45,2828.681,4757.220215,6581.630783,19855.5,1624.64
2015-07-10,8.69,2887.169,4903.069824,6673.38017575,19779.830078,1676.86
2015-07-13,8.77,2905.568,4998.100098,6737.95034312,20089.769531,1684.54
2015-07-14,8.83,2930.216,5032.470215,6753.74602329,20385.330078,1691.39
2015-07-15,8.81,2931.441,5047.240234,6753.75115566,20463.330078,1691.35
2015-07-16,8.88,2954.112,5121.5,6796.44735607,20600.119141,1706
2015-07-17,8.87,2946.033,5124.390137,6775.08300984,20650.919922,1698.68
2015-07-21,8.85,2953.144,5106.569824,6769.07182344,20841.970703,1698.65
2015-07-22,8.78,2918.159,5082.569824,6667.3442875,20593.669922,1681.4
2015-07-23,8.78,2920.311,5086.740234,6655.00543524,20683.949219,1685.74
2015-07-24,8.7,2892.774,5057.359863,6579.80958554,20544.529297,1668.65
2015-07-27,8.65,2875.254,4927.600098,6505.12520864,20350.099609,1652.29
2015-07-28,8.72,2876.737,4977.319824,6555.27975036,20328.890625,1659.98
2015-07-29,8.76,2900.166,5017.439941,6630.99601846,20302.910156,1676.07
2015-07-30,8.75,2903.871,5046.419922,6668.87103556,20522.830078,1670.04
2015-07-31,8.8,2933.549,5082.609863,6696.27839486,20585.240234,1689.05
2015-08-03,8.81,2925.806,5120.52002,6688.62384903,20548.109375,1690.52
2015-08-04,8.78,2923.689,5112.140137,6686.56774334,20520.359375,1685.51
2015-08-05,8.83,2928.92,5196.72998,6752.40887681,20614.060547,1693.36
2015-08-06,8.78,2926.31,5192.109863,6747.08765699,20664.439453,1687.25
2015-08-07,8.75,2918.932,5154.75,6718.48844291,20724.560547,1676.56
2015-08-10,8.85,2942.792,5195.410156,6736.21674725,20808.689453,1694.29
2015-08-11,8.76,2913.893,5099.029785,6664.53507698,20720.75,1677.22
2015-08-12,8.7,2884.244,4925.430176,6571.19304925,20392.769531,1652.99
2015-08-13,8.7,2880.658,4986.850098,6568.329543,20595.550781,1658.7
2015-08-14,8.7,2869.032,4956.470215,6550.73576402,20519.449219,1653.49
2015-08-17,8.7,2869.89,4984.830078,6550.3037371,20620.259766,1652.28
2015-08-18,8.67,2860.497,4971.25,6526.29154993,20554.470703,1649.22
2015-08-19,8.6,2823.992,4884.100098,6403.44805579,20222.630859,1622.7
2015-08-20,8.44,2800.698,4783.549805,6367.89109097,20033.519531,1610.57
2015-08-21,8.25,2739.034,4630.990234,6187.65220171,19435.830078,1574.01
2015-08-24,7.97,2632.876,4383.459961,5898.86799468,18540.679688,1523.97
2015-08-25,8.02,2658.492,4564.859863,6081.3445895,17806.699219,1564.8
2015-08-26,8.16,2646.283,4501.049805,5979.19686001,18376.830078,1535.62
2015-08-27,8.3,2691.56,4658.180176,6192.0264655,18574.439453,1563.3
2015-08-28,8.29,2722.973,4675.129883,6247.94322871,19136.320313,1568.96
2015-09-01,8.01,2636.639,4541.160156,6058.54185149,18165.689453,1528.1
2015-09-02,8.09,2627.209,4554.919922,6083.31168664,18095.400391,1528.04
2015-09-03,8.12,2649.336,4653.790039,6194.09831918,18182.390625,1545.59
2015-09-04,7.95,2596.033,4523.080078,6042.92266775,17792.160156,1508.51
2015-09-08,8.13,2635.553,4598.259766,6146.10168543,17427.080078,1543.35
2015-09-09,8.14,2698.605,4664.589844,6229.01050971,18770.509766,1561.65
2015-09-10,8.16,2661.067,4596.529785,6155.81217232,18299.619141,1549.51
2015-09-11,8.15,2652.179,4548.720215,6117.75714107,18264.220703,1542.62
2015-09-14,8.08,2639.227,4518.149902,6084.59100113,17965.699219,1534.2
2015-09-15,8.13,2644.519,4569.370117,6137.59544439,18026.480469,1544.4
2015-09-16,8.23,2683.948,4645.839844,6229.21095722,18171.599609,1571.52
2015-09-17,8.26,2687.165,4655.140137,6186.98816806,18432.269531,1571.19
2015-09-18,8.07,2652.838,4535.850098,6104.1134505,18070.210938,1550.14
2015-09-24,7.83,2530.785,4347.240234,5961.49117982,17571.830078,1470.87
2015-09-25,7.92,2562.117,4480.660156,6109.0146355,17880.509766,1497.57
2015-09-28,7.76,2516.643,4357.049805,5958.86402779,17645.109375,1468.15
2015-09-29,7.68,2475.642,4343.72998,5909.2367873,16930.839844,1460.39
2015-09-30,7.83,2527.625,4455.290039,6061.60524508,17388.150391,1490.22
2015-10-01,7.85,2544.789,4426.540039,6072.47091058,17722.419922,1489.07
2015-10-02,7.97,2567.139,4458.879883,6129.98197887,17725.130859,1505.95
2015-10-05,8.1,2620.064,4616.899902,6298.92493704,18005.490234,1543.67
2015-10-06,8.15,2652.174,4660.640137,6326.1571344,18186.099609,1560.65
2015-10-07,8.19,2683.709,4667.339844,6336.35224874,18322.980469,1561.05
2015-10-08,8.24,2690.794,4675.910156,6374.82435773,18141.169922,1569.74
2015-10-09,8.24,2734.425,4701.390137,6416.16347475,18438.669922,1586.8
2015-10-13,8.13,2697.34,4643.379883,6342.28019472,18234.740234,1570.26
2015-10-14,8.14,2683.566,4609.029785,6269.60842923,17891,1566.97
2015-10-15,8.27,2714.745,4675.290039,6338.67099785,18096.900391,1582.67
2015-10-16,8.28,2730.115,4702.790039,6378.03619878,18291.800781,1590.9
2015-10-19,8.26,2711.094,4704.069824,6352.32823964,18131.230469,1585.65
2015-10-20,8.23,2704.034,4673.810059,6345.13345886,18207.150391,1582.77
2015-10-21,8.22,2714.196,4695.100098,6348.42443207,18554.279297,1584.18
2015-10-22,8.27,2717.064,4802.180176,6376.27797016,18435.869141,1589.48
2015-10-23,8.36,2741.04,4923.640137,6444.07739646,18825.300781,1602.09
2015-10-26,8.34,2742.441,4897.129883,6417.018789,18947.119141,1598.18
2015-10-27,8.27,2712.158,4847.069824,6365.27367116,18777.039063,1581.27
2015-10-28,8.31,2729.168,4890.580078,6437.80319692,18903.019531,1600.56
2015-10-29,8.29,2693.811,4885.819824,6395.80296304,18935.710938,1584.34
2015-10-30,8.29,2711.263,4897.660156,6361.09453185,19083.099609,1595.4
2015-11-02,8.34,2698.199,4916.209961,6361.79858334,18683.240234,1599.01
2015-11-04,8.29,2699.89,4948.290039,6412.87873497,18926.910156,1589.58
2015-11-05,8.28,2686.619,4980.040039,6364.90351799,19116.410156,1582.81
2015-11-06,8.23,2661.73,4984.149902,6353.8262047,19265.599609,1569.16
2015-11-09,8.18,2649.601,4911.169922,6295.15615038,19642.740234,1552.47
2015-11-10,8.2,2640.107,4912.160156,6275.27656022,19671.259766,1546.29
2015-11-11,8.24,2654.11,4952.509766,6297.20178878,19691.390625,1561.12
2015-11-12,8.13,2624.34,4856.649902,6178.68444073,19697.769531,1539.1
2015-11-13,8.09,2601.504,4807.950195,6118.2756473,19596.910156,1522.95
2015-11-16,8.16,2594.316,4804.310059,6146.3818337,19393.689453,1525.21
2015-11-17,8.21,2634.582,4937.310059,6268.76108891,19630.630859,1553.99
2015-11-18,8.28,2634.372,4906.720215,6278.97328616,19649.179688,1551.79
2015-11-19,8.33,2675.6,4915.100098,6329.92853948,19859.810547,1571.67
2015-11-20,8.29,2665.79,4910.970215,6334.63030888,19879.810547,1565.31
2015-11-24,8.22,2637.378,4820.279785,6277.22953517,19924.890625,1536.49
2015-11-25,8.27,2641.838,4892.990234,6337.63559007,19847.580078,1551.99
2015-11-27,8.29,2649.034,4930.140137,6375.14682047,19883.939453,1562.11
2015-11-30,8.26,2636.186,4957.600098,6356.08800462,19747.470703,1563.66
2015-12-01,8.34,2657.251,4914.529785,6395.65207529,20012.400391,1565.09
2015-12-02,8.26,2644.256,4905.759766,6420.92657888,19938.130859,1559.65
2015-12-03,8.24,2633.059,4730.209961,6274.99563908,19939.900391,1549.46
2015-12-04,8.15,2617.262,4714.790039,6238.28615881,19504.480469,1546.28
2015-12-07,8.11,2611.002,4756.410156,6223.51824283,19698.150391,1548.21
2015-12-08,7.99,2569.216,4681.859863,6135.22423802,19492.599609,1528.03
2015-12-09,8,2582.435,4637.450195,6126.6833405,19301.070313,1535.94
2015-12-10,7.99,2570.776,4635.060059,6088.04802357,19046.550781,1523.18
2015-12-11,7.86,2543.561,4549.560059,5952.78420771,19230.480469,1499.14
2015-12-14,7.83,2500.325,4473.069824,5874.06299257,18883.419922,1475.09
2015-12-15,7.91,2514.364,4614.399902,6017.79195408,18565.900391,1504.41
2015-12-16,8.02,2546.115,4624.669922,6061.19015419,19049.910156,1513.54
2015-12-17,7.97,2553.842,4677.540039,6102.54416428,19353.560547,1512.37
2015-12-18,7.88,2538.073,4625.259766,6052.42171014,18986.800781,1500.34
2015-12-21,7.91,2530.436,4565.169922,6034.83506394,18916.019531,1493.45
2015-12-22,7.95,2543.596,4567.600098,6083.10046199,18886.699219,1499.84
2015-12-24,8.08,2601.521,4663.180176,6254.64420106,18789.689453,1539.01
2015-12-29,8.15,2609.022,4701.359863,6314.57016092,18982.230469,1548.19
2015-12-30,8.11,2599.924,4677.140137,6274.05143307,19033.710938,1537.11
2016-01-04,7.89,2517.826,4522.450195,6093.43354066,18450.980469,1478.42
2016-01-05,7.89,2509.822,4537.629883,6137.24377603,18374,1476.12
2016-01-06,7.78,2482.33,4480.470215,6073.37645691,18191.320313,1459.48
2016-01-07,7.66,2435.772,4403.580078,5954.08124359,17767.339844,1445.92
2016-01-08,7.55,2415.498,4333.759766,5912.43864586,17697.960938,1422.83
2016-01-12,7.6,2384.43,4378.75,5929.24131293,17218.960938,1427.06
2016-01-13,7.52,2413.247,4391.939941,5960.96859723,17715.630859,1433.04
2016-01-14,7.57,2378.413,4312.890137,5918.23482493,17240.949219,1412.51
2016-01-15,7.37,2346.163,4210.160156,5804.09539019,17147.109375,1382.93
2016-01-19,7.41,2338.869,4272.259766,5876.80082888,17048.369141,1395.23
2016-01-20,7.23,2262.181,4124.950195,5673.58077872,16416.189453,1345.81
2016-01-21,7.24,2264.069,4206.399902,5773.78812053,16017.259766,1370.89
2016-01-22,7.45,2341.393,4336.689941,5900.00586984,16958.529297,1401.49
2016-01-25,7.37,2333.484,4311.330078,5876.99857771,17110.910156,1396.76
2016-01-26,7.47,2341.502,4356.810059,5911.45633418,16708.900391,1411.1
2016-01-27,7.45,2363.298,4380.359863,5990.37185101,17163.919922,1419.04
2016-01-28,7.46,2353.153,4322.160156,5931.77533731,17041.449219,1405.83
2016-01-29,7.6,2371.659,4417.02002,6083.78956277,17518.300781,1421.36
2016-02-01,7.58,2382.08,4392.330078,6060.10165625,17865.230469,1427.52
2016-02-02,7.43,2338.082,4283.990234,5922.00993948,17750.679688,1398.16
2016-02-03,7.47,2320.413,4226.959961,5837.14135281,17191.25,1395.62
2016-02-04,7.47,2357.99,4228.529785,5898.75917241,17044.990234,1409.08
2016-02-05,7.33,2339.449,4200.669922,5848.05915835,16819.589844,1394.31
2016-02-08,7.18,2297.353,4066.310059,5689.35547738,17004.300781,1346.88
2016-02-09,7.12,2250.812,3997.540039,5632.19257506,16085.44043,1344.3
2016-02-10,7.13,2242.462,4061.199951,5672.29656757,15713.389648,1354.68
2016-02-12,7.09,2219.187,3995.060059,5707.59586891,14952.610352,1349.09
2016-02-16,7.22,2295.709,4110.660156,5862.17420636,16054.429688,1370.89
2016-02-17,7.36,2328.637,4233.470215,6030.31894054,15836.360352,1405.81
2016-02-18,7.34,2337.363,4239.759766,5971.94888138,16196.799805,1400.3
2016-02-19,7.32,2313.463,4223.040039,5950.23040056,15967.169922,1389.95
2016-02-22,7.39,2341.602,4298.700195,6037.72584437,16111.049805,1404.29
2016-02-23,7.25,2315.344,4238.419922,5962.30642481,16052.049805,1385.83
2016-02-24,7.21,2268.214,4155.339844,5867.1778305,15915.790039,1353.26
2016-02-25,7.34,2304.296,4248.450195,6012.8061661,16140.339844,1381.24
2016-02-26,7.32,2315.444,4314.569824,6096.01352442,16188.410156,1389.51
2016-02-29,7.3,2317.714,4353.549805,6097.09349278,16026.759766,1391.74
2016-03-01,7.45,2335.073,4406.839844,6152.87995169,16085.509766,1410.68
2016-03-02,7.5,2382.378,4424.890137,6147.0552847,16746.550781,1416.88
2016-03-03,7.56,2418.584,4416.080078,6130.46290427,16960.160156,1424.13
2016-03-04,7.6,2447.501,4456.620117,6199.43117374,17014.779297,1444.08
2016-03-07,7.58,2440.427,4442.290039,6182.40417168,16911.320313,1437.44
2016-03-08,7.49,2425.363,4404.02002,6125.43610177,16783.150391,1432.2
2016-03-09,7.55,2422.819,4425.649902,6146.3200141,16642.199219,1434.03
2016-03-10,7.55,2416.122,4350.350098,6036.70006168,16852.349609,1426.72
2016-03-11,7.74,2473.94,4492.790039,6139.78650104,16938.869141,1465.81
2016-03-14,7.72,2482.312,4506.589844,6174.56795768,17233.75,1469.16
2016-03-15,7.66,2455.183,4472.629883,6139.97101743,17117.070313,1453.15
2016-03-16,7.72,2442.141,4463,6175.48802399,16974.449219,1449.01
2016-03-17,7.78,2502.594,4442.890137,6201.11838415,16936.380859,1479.51
2016-03-18,7.76,2499.698,4462.509766,6189.63616948,16724.810547,1480.2
2016-03-22,7.72,2483.99,4431.970215,6192.73542108,17048.550781,1465.46
2016-03-23,7.66,2455.377,4423.97998,6199.11170074,17000.980469,1457.52
2016-03-24,7.58,2414.726,4329.680176,6106.48097773,16892.330078,1434.2
2016-03-29,7.71,2424.024,4366.669922,6105.89969681,17103.529297,1443.9
2016-03-30,7.74,2470.693,4444.419922,6203.17188614,16878.960938,1485.36
2016-03-31,7.68,2457.793,4385.060059,6174.89513602,16758.669922,1474.19
2016-04-01,7.6,2399.165,4322.240234,6146.04986673,16164.160156,1448.14
2016-04-04,7.61,2412.759,4345.220215,6164.72438272,16123.269531,1458.77
2016-04-05,7.45,2356.243,4250.279785,6091.23368491,15732.820313,1430.2
2016-04-06,7.55,2370.904,4284.640137,6161.63401436,15715.360352,1441.04
2016-04-07,7.47,2370.365,4245.910156,6136.8902157,15749.839844,1431.27
2016-04-08,7.6,2403.182,4303.120117,6204.41451819,15821.519531,1451.34
2016-04-11,7.59,2417.439,4312.629883,6200.11664132,15751.129883,1460.49
2016-04-12,7.69,2434.702,4345.910156,6242.39486782,15928.790039,1460.17
2016-04-13,7.81,2491.709,4490.310059,6362.88666348,16381.219727,1485.57
2016-04-14,7.84,2517.94,4511.509766,6365.09965754,16911.050781,1487.73
2016-04-15,7.83,2516.265,4495.169922,6343.75447343,16848.029297,1487.21
2016-04-18,7.87,2506.367,4506.839844,6353.52217786,16275.950195,1497.38
2016-04-19,7.99,2559.139,4566.47998,6405.35330597,16874.439453,1526.19
2016-04-20,7.99,2571.339,4591.919922,6410.26139407,16906.539063,1528.01
2016-04-21,7.95,2579.683,4582.830078,6381.43871901,17363.619141,1517.45
2016-04-22,7.94,2563.581,4569.660156,6310.4365679,17572.490234,1505.75
2016-04-25,7.91,2553.158,4546.120117,6260.91853097,17439.300781,1500.47
2016-04-26,7.95,2560,4533.180176,6284.52364058,17353.279297,1508.39
2016-04-27,7.96,2553.674,4559.399902,6319.9124665,17290.490234,1513.28
2016-04-28,7.89,2553.866,4557.359863,6322.39895129,16666.050781,1516.38
2016-05-06,7.69,2448.481,4301.240234,6125.69522031,16106.719727,1453.53
2016-05-09,7.69,2434.852,4322.810059,6114.81200198,16216.030273,1456.63
2016-05-10,7.81,2460.398,4338.209961,6156.64894621,16565.189453,1469.61
2016-05-11,7.75,2459.838,4316.669922,6162.48611725,16579.009766,1467.93
2016-05-12,7.74,2445.174,4293.27002,6104.1866614,16646.339844,1456.5
2016-05-13,7.68,2422.643,4319.990234,6138.49672892,16412.210938,1449.96
2016-05-16,7.74,2432.668,4312.279785,6151.40247863,16466.400391,1454.47
2016-05-17,7.7,2445.365,4297.569824,6167.77402367,16652.800781,1454.85
2016-05-18,7.72,2447.684,4319.299805,6165.80252143,16644.689453,1459.64
2016-05-19,7.66,2408.905,4282.540039,6053.34683953,16646.660156,1433.21
2016-05-20,7.73,2430.736,4353.899902,6156.31925611,16736.349609,1451.73
2016-05-23,7.7,2421.33,4325.100098,6136.43438077,16654.599609,1443.14
2016-05-24,7.83,2443.029,4431.52002,6219.25592954,16498.759766,1470.08
2016-05-25,7.91,2480.875,4481.640137,6262.84891253,16757.349609,1487.65
2016-05-26,7.92,2493.979,4512.640137,6265.65076979,16772.460938,1494.79
2016-05-27,7.91,2489.023,4514.740234,6270.79138125,16834.839844,1490.71
2016-05-31,7.87,2482.728,4505.620117,6230.7858399,17234.980469,1481.2
2016-06-01,7.85,2463.874,4475.390137,6191.93078813,16955.730469,1472.47
2016-06-02,7.84,2449.183,4466,6185.60646652,16562.550781,1471.73
2016-06-03,7.89,2472.285,4421.779785,6209.62563986,16642.230469,1481.23
2016-06-06,7.93,2483.708,4423.379883,6273.39915948,16580.029297,1490.82
2016-06-07,7.98,2510.532,4475.859863,6284.52922426,16675.449219,1506.42
2016-06-08,7.98,2519.139,4448.72998,6301.52014793,16830.919922,1504.9
2016-06-09,7.88,2481.203,4405.609863,6231.8875464,16668.410156,1481.23
2016-06-10,7.67,2425.724,4306.720215,6115.76014186,16601.359375,1442.02
2016-06-13,7.56,2377.612,4227.02002,6044.9698239,16019.179688,1416.63
2016-06-14,7.44,2323.888,4130.330078,5923.52776395,15859,1378.21
2016-06-15,7.48,2345.225,4171.580078,5966.80465593,15919.580078,1394.83
2016-06-16,7.5,2313.926,4153.009766,5950.47669164,15434.139648,1374.98
2016-06-17,7.58,2365.362,4193.830078,6021.09436662,15599.660156,1406.04
2016-06-20,7.79,2457.987,4340.759766,6203.9993404,15965.299805,1468.13
2016-06-21,7.83,2463.843,4367.240234,6226.54679748,16169.110352,1470.12
2016-06-22,7.84,2468.339,4380.029785,6261.18608987,16065.719727,1477.09
2016-06-23,8.03,2514.918,4465.899902,6338.10007916,16238.349609,1508.1
2016-06-24,7.31,2304.61,4106.72998,6138.69091749,14952.019531,1375.84
2016-06-27,7.12,2220.594,4030.300049,5982.20499957,15309.209961,1305.76
2016-06-28,7.32,2256.634,4088.850098,6140.39059679,15323.139648,1347.51
2016-06-29,7.46,2330.956,4195.319824,6360.05798766,15566.830078,1396.35
2016-06-30,7.55,2352.089,4237.47998,6504.32528637,15575.919922,1411.93
2016-07-01,7.58,2369.389,4273.959961,6577.83088033,15682.480469,1424.63
2016-07-05,7.41,2328.972,4163.419922,6545.37151128,15669.330078,1389.55
2016-07-06,7.38,2283.694,4085.300049,6463.59300211,15378.990234,1361.48
2016-07-07,7.36,2298.653,4117.850098,6533.79009675,15276.240234,1375.84
2016-07-08,7.47,2317.843,4190.680176,6590.63597466,15106.980469,1392.65
2016-07-11,7.56,2359.867,4264.529785,6682.85789631,15708.820313,1415.79
2016-07-12,7.66,2397.056,4331.379883,6680.69184002,16095.650391,1433.77
2016-07-13,7.65,2414.173,4335.259766,6670.40399857,16231.429688,1436.3
2016-07-14,7.72,2431.187,4385.52002,6654.47117405,16385.890625,1447.57
2016-07-15,7.68,2427.958,4372.509766,6669.24232339,16497.849609,1440.95
2016-07-19,7.63,2411.493,4330.129883,6697.37184362,16723.310547,1430.11
2016-07-20,7.71,2423.197,4379.759766,6728.99125506,16681.890625,1444.37
2016-07-21,7.68,2434.559,4376.25,6699.88583674,16810.220703,1441.91
2016-07-22,7.68,2421.889,4381.100098,6730.48327997,16627.25,1438.64
2016-07-25,7.68,2423.193,4388,6710.1282706,16620.289063,1439.69
2016-07-26,7.7,2423.634,4394.77002,6724.03140094,16383.040039,1442.88
2016-07-27,7.74,2436.933,4446.959961,6750.42570291,16664.820313,1449.28
2016-07-28,7.72,2427.39,4420.580078,6721.05596346,16476.839844,1446.83
2016-07-29,7.83,2473.955,4439.810059,6724.42842225,16569.269531,1469.94
2016-08-01,7.78,2459.216,4409.169922,6693.94818019,16635.769531,1459.65
2016-08-02,7.73,2435.132,4327.990234,6645.39601761,16391.449219,1446.76
2016-08-03,7.7,2413.667,4321.080078,6634.39723767,16083.110352,1441.01
2016-08-04,7.74,2437.694,4345.629883,6740.15868048,16254.889648,1446.47
2016-08-05,7.79,2444.223,4410.549805,6793.46958291,16254.450195,1452.52
2016-08-08,7.81,2472.86,4415.459961,6809.12776,16650.570313,1453.75
2016-08-09,7.88,2501.783,4468.069824,6851.30149301,16764.970703,1472.02
2016-08-10,7.89,2506.777,4452.009766,6866.41608951,16735.119141,1475.8
2016-08-12,7.92,2517.679,4500.189941,6916.01569374,16919.919922,1486.63
2016-08-15,7.94,2514.81,4497.859863,6941.18865479,16869.560547,1489.37
2016-08-16,7.93,2507.41,4460.439941,6893.91917388,16596.509766,1485.88
2016-08-17,7.92,2508.458,4417.680176,6859.14808191,16745.640625,1475.84
2016-08-18,7.97,2519.949,4437.060059,6868.95668501,16486.009766,1492.83
2016-08-19,7.9,2508.63,4400.52002,6858.94991141,16545.820313,1480.45
2016-08-22,7.91,2510.521,4389.939941,6828.54267128,16598.189453,1481.62
2016-08-23,7.96,2525.651,4421.450195,6868.51009914,16497.359375,1494.15
2016-08-24,7.94,2526.688,4435.470215,6835.77621457,16597.300781,1490.05
2016-08-25,7.91,2515.655,4406.609863,6816.89837905,16555.949219,1482.01
2016-08-26,7.87,2518.041,4441.870117,6838.04533734,16360.709961,1489.48
2016-08-30,7.89,2504.231,4457.490234,6820.78586637,16725.359375,1477.11
2016-08-31,7.89,2506.493,4438.220215,6781.51355724,16887.400391,1470.06
2016-09-01,7.94,2520.464,4439.669922,6745.97353897,16926.839844,1477
2016-09-02,8.04,2545.792,4542.169922,6894.60481924,16925.679688,1502.61
2016-09-06,8.08,2572.098,4529.959961,6826.04677587,17081.980469,1507.84
2016-09-07,8.1,2578.252,4557.660156,6846.5797169,17012.439453,1513.23
2016-09-08,8.09,2581.745,4542.200195,6858.70110208,16958.769531,1512.37
2016-09-09,7.94,2550.216,4491.399902,6776.94517677,16965.759766,1487.55
2016-09-12,8,2516.831,4439.799805,6700.89684607,16672.919922,1474.68
2016-09-13,7.83,2489.433,4387.180176,6665.63103631,16729.039063,1462.36
2016-09-14,7.84,2479.446,4370.259766,6673.30684052,16614.240234,1461.53
2016-09-15,7.89,2483.18,4373.220215,6730.29836678,16405.009766,1469.14
2016-09-16,7.78,2461.803,4332.450195,6710.28040102,16519.289063,1447.4
2016-09-20,7.86,2484.389,4388.600098,6830.79081651,16492.150391,1462.33
2016-09-21,7.98,2518.546,4409.549805,6834.77360331,16807.619141,1464.75
2016-09-23,8,2543.664,4488.689941,6909.42864917,16754.019531,1488.39
2016-09-26,7.92,2517.92,4407.850098,6818.04132536,16544.560547,1471.35
2016-09-27,7.94,2509.202,4398.680176,6807.67004677,16683.929688,1462.85
2016-09-28,8.01,2505.446,4432.450195,6849.3811726,16465.400391,1475.28
2016-09-29,7.92,2529.536,4443.839844,6919.41869977,16693.710938,1479.88
2016-09-30,7.97,2521.577,4448.259766,6899.33301946,16449.839844,1481.94
2016-10-03,7.96,2522.674,4453.560059,6983.51626517,16598.669922,1480.49
2016-10-04,7.97,2528.593,4503.089844,7074.3397572,16735.650391,1485.69
2016-10-05,7.99,2532.975,4489.950195,7033.24986361,16819.240234,1483.59
2016-10-06,7.95,2526.873,4480.100098,6999.96040276,16899.099609,1473.61
2016-10-07,7.92,2522.908,4449.910156,7044.38640198,16860.089844,1461.76
2016-10-11,7.8,2506.248,4471.740234,7070.88418893,17024.759766,1449.21
2016-10-12,7.79,2484.46,4452.240234,7024.00914656,16840,1436.27
2016-10-13,7.75,2468.178,4405.169922,6977.7383544,16774.240234,1425.71
2016-10-14,7.76,2486.635,4470.919922,7013.54763383,16856.369141,1440.61
2016-10-17,7.75,2476.582,4450.22998,6947.55155786,16900.119141,1428.19
2016-10-18,7.83,2505.176,4508.910156,7000.05622867,16963.609375,1447.05
2016-10-19,7.84,2516.48,4520.299805,7021.92341016,16998.910156,1451.15
2016-10-20,7.83,2521.301,4540.120117,7026.90256483,17235.5,1449.18
2016-10-21,7.81,2515.192,4536.069824,7020.46620338,17184.589844,1441.72
2016-10-24,7.82,2520.442,4552.580078,6986.39608192,17234.419922,1443.41
2016-10-25,7.81,2522.822,4540.839844,7017.64331721,17365.25,1435.88
2016-10-26,7.78,2526.86,4534.589844,6958.08775436,17391.839844,1437.76
2016-10-27,7.78,2519.259,4533.569824,6986.57191894,17336.419922,1438.71
2016-10-28,7.81,2524.381,4548.580078,6996.26389181,17446.410156,1435.84
2016-10-31,7.79,2525.461,4509.259766,6954.21970265,17425.019531,1432.15
2016-11-01,7.76,2523.729,4470.279785,6917.13975446,17442.400391,1427.87
2016-11-02,7.7,2504.862,4414.669922,6845.41763646,17134.679688,1420.64
2016-11-04,7.63,2481.348,4377.459961,6693.25724625,16905.359375,1409.36
2016-11-07,7.73,2497.314,4461.209961,6806.90092218,17177.210938,1419.78
2016-11-08,7.75,2508.836,4476.890137,6843.12777545,17171.380859,1426.45
2016-11-09,7.82,2485.38,4543.47998,6911.83569904,16251.540039,1433.94
2016-11-10,7.8,2517.246,4530.950195,6827.97542333,17344.419922,1420.69
2016-11-11,7.75,2512.829,4489.27002,6730.42906644,17374.789063,1412.03
2016-11-14,7.71,2499.953,4508.549805,6753.18106868,17672.619141,1397.39
2016-11-15,7.74,2503.853,4536.529785,6792.73662545,17668.150391,1402.29
2016-11-16,7.68,2494.639,4501.140137,6749.71986792,17862.210938,1392.25
2016-11-17,7.7,2504.914,4527.77002,6794.7147516000005,17862.630859,1400.85
2016-11-18,7.63,2472.917,4504.350098,6775.77350404,17967.410156,1382.41
2016-11-21,7.7,2493.12,4529.580078,6777.95600794,18106.019531,1392.89
2016-11-22,7.71,2501.364,4548.350098,6819.71754519,18162.939453,1391.88
2016-11-25,7.7,2510.36,4550.27002,6840.74878469,18381.220703,1400.05
2016-11-28,7.66,2498.54,4510.390137,6799.4682101,18356.890625,1386.31
2016-11-29,7.69,2501.747,4551.459961,6772.00269646,18307.039063,1394.8
2016-11-30,7.71,2502.348,4578.339844,6783.7935081,18308.480469,1398.61
2016-12-01,7.69,2517.864,4560.609863,6752.92589092,18513.119141,1395.19
2016-12-02,7.7,2521.131,4528.819824,6730.71940436,18426.080078,1395.45
2016-12-05,7.77,2533.342,4574.319824,6746.8331565,18274.990234,1411.92
2016-12-06,7.81,2570.963,4631.939941,6779.84481435,18360.539063,1424.7
2016-12-07,7.95,2614.657,4694.720215,6902.22634644,18496.689453,1444.57
2016-12-08,7.95,2624.634,4735.47998,6931.55256997,18765.470703,1441.49
2016-12-09,7.77,2621.68,4764.069824,6954.21373484,18996.369141,1444.72
2016-12-12,7.76,2626.449,4760.77002,6890.42051953,19155.029297,1448.41
2016-12-13,7.82,2648.918,4803.870117,6968.57093925,19250.519531,1468.32
2016-12-14,7.69,2644.322,4769.240234,6949.192188,19253.609375,1462.8
2016-12-15,7.71,2598.839,4819.22998,6999.01312499,19273.789063,1442.51
2016-12-16,7.7,2605.698,4833.27002,7011.64039027,19401.150391,1451.52
2016-12-19,7.68,2606.544,4822.77002,7017.16020776,19391.599609,1448.86
2016-12-20,7.69,2602.208,4849.890137,7043.96178995,19494.529297,1447.83
2016-12-21,7.69,2607.953,4833.819824,7041.42466199,19444.490234,1452.18
2016-12-22,7.67,2607.402,4834.629883,7063.67903852,19427.669922,1452.21
2016-12-28,7.66,2594.909,4848.009766,7106.07584153,19401.720703,1450.15
2016-12-29,7.68,2601.175,4838.470215,7120.25856331,19145.140625,1458.15
2016-12-30,7.7,2614.565,4862.310059,7142.82673834,19114.369141,1471.08
2017-01-04,7.84,2651.29,4899.399902,7189.73811599,19594.160156,1476.38
2017-01-05,7.9,2682.847,4900.640137,7195.31326791,19520.689453,1495.1
2017-01-06,7.86,2668.017,4909.839844,7210.04897274,19454.330078,1491.18
2017-01-10,7.83,2661.728,4888.22998,7275.46738057,19301.439453,1487.65
2017-01-11,7.87,2644.478,4888.709961,7290.48998397,19364.669922,1473.99
2017-01-12,7.86,2676.136,4863.970215,7292.36622212,19134.699219,1490.3
2017-01-13,7.91,2684.825,4922.490234,7337.80600558,19287.279297,1500.41
2017-01-17,7.87,2675.982,4859.689941,7220.3758415,18813.529297,1495.32
2017-01-18,7.83,2677.765,4853.399902,7247.6080506,18894.369141,1497.94
2017-01-19,7.82,2657.249,4841.140137,7208.43792289,19072.25,1485.37
2017-01-20,7.86,2670.16,4850.669922,7198.44391579,19137.910156,1497.49
2017-01-23,7.85,2674.624,4821.410156,7151.17974638,18891.029297,1496.7
2017-01-24,7.87,2675.39,4830.029785,7150.3391457,18787.990234,1502.12
2017-01-25,7.97,2704.226,4877.669922,7164.43196016,19057.5,1519.8
2017-01-26,7.93,2701.025,4867.240234,7161.48908392,19402.390625,1512.89
2017-01-27,7.91,2700.781,4839.97998,7184.48854021,19467.400391,1513.06
2017-01-30,7.84,2678.328,4784.640137,7118.48330314,19368.849609,1495.17
2017-01-31,7.87,2677.893,4748.899902,7099.15478403,19041.339844,1501.03
2017-02-01,7.89,2684.05,4794.580078,7107.65189874,19148.080078,1506.45
2017-02-02,7.89,2684.281,4794.290039,7140.74560423,18914.580078,1508.11
2017-02-03,7.94,2692.083,4825.419922,7188.29693846,18918.199219,1514.33
2017-02-06,7.89,2673.624,4778.080078,7172.14550589,18976.710938,1497.39
2017-02-07,7.85,2663.221,4754.470215,7186.2241448,18910.779297,1494.1
2017-02-08,7.86,2675.858,4766.600098,7188.82231044,19007.599609,1501.23
2017-02-09,7.9,2671.32,4826.240234,7229.49844664,18907.669922,1507.57
2017-02-10,7.91,2682.778,4828.319824,7258.74773855,19378.929688,1504.46
2017-02-13,7.95,2696.733,4888.189941,7278.91613882,19459.150391,1513.14
2017-02-14,7.93,2685.931,4895.819824,7268.5594329,19238.980469,1507.33
2017-02-15,7.96,2705.684,4924.859863,7302.40981195,19437.980469,1513.93
2017-02-16,7.97,2717.742,4899.459961,7277.92228978,19347.529297,1521.89
2017-02-17,7.94,2699.62,4867.580078,7299.96255153,19234.619141,1516.42
2017-02-21,7.96,2699.889,4888.759766,7274.82634281,19381.439453,1515.43
2017-02-22,7.96,2701.012,4895.879883,7302.25406685,19379.869141,1516.42
2017-02-23,7.96,2709.683,4891.290039,7271.3688694,19371.460938,1521.23
2017-02-24,7.89,2684.709,4845.240234,7243.70495394,19283.539063,1506.42
2017-02-27,7.89,2680.444,4845.180176,7252.99518002,19107.470703,1510.34
2017-02-28,7.9,2687.649,4858.580078,7263.43753305,19118.990234,1514.95
2017-03-01,7.99,2705.271,4960.830078,7382.89997481,19393.539063,1527.72
2017-03-02,7.94,2702.862,4963.799805,7382.35402997,19564.800781,1523.41
2017-03-03,8,2706.332,4995.129883,7374.26243094,19469.169922,1527.4
2017-03-06,7.96,2705.677,4972.189941,7350.1155020099995,19379.140625,1524.46
2017-03-07,7.93,2699.393,4955,7338.99369059,19344.150391,1518.14
2017-03-08,7.91,2690.105,4960.47998,7334.60583396,19254.029297,1515.55
2017-03-09,7.97,2695.486,4981.509766,7314.96159561,19318.580078,1519.97
2017-03-10,8.03,2720.42,4993.319824,7343.08322749,19604.609375,1532.2
2017-03-13,8.05,2731.788,4999.600098,7367.08302789,19633.75,1539.75
2017-03-14,7.99,2713.749,4974.259766,7357.84738634,19609.5,1531.24
2017-03-15,8.1,2721.599,4985.47998,7368.64445917,19577.380859,1535.9
2017-03-16,8.14,2766.133,5013.379883,7415.954503,19590.140625,1562.29
2017-03-17,8.15,2767.045,5029.240234,7424.95711571,19521.589844,1565.51
2017-03-21,8.09,2769.03,5002.430176,7378.33755031,19455.880859,1564.52
2017-03-22,8.07,2739.444,4994.700195,7324.71513099,19041.380859,1556.85
2017-03-23,8.09,2751.676,5032.759766,7340.70705385,19085.310547,1567.32
2017-03-24,8.11,2755.934,5020.899902,7336.82016431,19262.529297,1567
2017-03-27,8.14,2755.148,5017.430176,7293.49706865,18985.589844,1572.26
2017-03-28,8.18,2781.646,5046.200195,7343.42237209,19202.869141,1579.7
2017-03-29,8.18,2762.737,5069.040039,7373.72082727,19217.480469,1568.05
2017-03-30,8.16,2763.346,5089.640137,7369.52442425,19063.220703,1573.66
2017-03-31,8.15,2748.438,5122.509766,7322.91541676,18909.259766,1570.11
2017-04-03,8.12,2731.35,5085.910156,7282.68744537,18983.230469,1556.22
2017-04-04,8.12,2729.319,5101.129883,7321.81787043,18810.25,1560.92
2017-04-05,8.09,2725.791,5091.850098,7331.67983546,18861.269531,1560.74
2017-04-06,8.09,2718.734,5121.439941,7303.19674739,18597.060547,1562.34
2017-04-07,8.07,2715.746,5135.279785,7349.37181789,18664.630859,1558.65
2017-04-10,8.07,2716.233,5107.450195,7348.93829896,18797.880859,1555.63
2017-04-11,8.1,2726.298,5101.859863,7365.49811743,18747.869141,1559.64
2017-04-12,8.09,2718.776,5101.109863,7348.98591748,18552.609375,1560.77
2017-04-13,8.02,2704.531,5071.100098,7327.58539689,18426.839844,1555.73
2017-04-18,8.03,2695.253,4990.25,7147.49690754,18418.589844,1548.39
2017-04-19,8.02,2696.987,5003.72998,7114.3628139,18432.199219,1553.69
2017-04-20,8.08,2713.504,5077.910156,7118.54044407,18430.490234,1564.47
2017-04-21,8.08,2711.572,5059.200195,7114.54951124,18620.75,1553.43
2017-04-24,8.32,2791.021,5268.850098,7264.67761643,18875.880859,1612.08
2017-04-25,8.38,2808.747,5277.879883,7275.63808696,19079.330078,1624.95
2017-04-26,8.38,2813.307,5287.879883,7288.7188348400005,19289.429688,1624.92
2017-04-27,8.37,2800.504,5271.700195,7237.16831188,19251.869141,1618.84
2017-04-28,8.37,2798.027,5267.330078,7203.94210243,19196.740234,1619.06
2017-05-02,8.44,2816.962,5304.149902,7250.04588108,19445.699219,1630.41
2017-05-08,8.51,2845.712,5382.950195,7300.86051741,19895.699219,1655.36
2017-05-09,8.47,2829.905,5398.009766,7342.21219323,19843,1656.6
2017-05-10,8.48,2833.778,5400.459961,7385.24423482,19900.089844,1656.11
2017-05-11,8.46,2826.454,5383.419922,7386.63339337,19961.550781,1647.69
2017-05-12,8.51,2837.8,5405.419922,7435.39307675,19883.900391,1661.29
2017-05-15,8.56,2851.375,5417.399902,7454.36900343,19869.849609,1671.17
2017-05-16,8.62,2869.751,5406.100098,7522.03261136,19919.820313,1687.37
2017-05-17,8.51,2857.706,5317.890137,7503.46925908,19814.880859,1677.27
2017-05-18,8.5,2828.759,5289.72998,7436.41626101,19553.859375,1664.88
2017-05-19,8.61,2852.821,5324.399902,7470.71384773,19590.759766,1684.6
2017-05-22,8.61,2865.761,5322.879883,7496.33593825,19678.279297,1690.95
2017-05-23,8.61,2865.045,5348.160156,7485.28725167,19613.279297,1691.76
2017-05-24,8.62,2856.287,5341.339844,7514.89676732,19742.980469,1686.28
2017-05-25,8.61,2860.089,5337.160156,7517.71128979,19813.130859,1689.49
2017-05-26,8.58,2843.868,5336.640137,7547.63433824,19686.839844,1681.4
2017-05-30,8.57,2836.9,5305.939941,7526.50721248,19677.849609,1676.82
2017-05-31,8.59,2840.779,5283.629883,7519.9461753,19650.570313,1685.15
2017-06-01,8.63,2845.27,5318.669922,7543.77135516,19860.029297,1689.06
2017-06-02,8.7,2875.59,5343.410156,7547.62671546,20177.279297,1700.41
2017-06-05,8.67,2863.259,5307.890137,7525.75851292,20170.820313,1695.24
2017-06-06,8.66,2856.709,5269.220215,7524.95036127,19979.900391,1686.14
2017-06-07,8.66,2858.373,5265.529785,7478.62165588,19984.619141,1684.47
2017-06-08,8.64,2852.334,5264.240234,7449.97901408,19909.259766,1678.19
2017-06-09,8.63,2850.651,5299.709961,7527.33017949,20013.259766,1678.61
2017-06-12,8.59,2847.159,5240.589844,7511.87105516,19908.580078,1665.65
2017-06-13,8.63,2859.063,5261.740234,7500.43868303,19898.75,1674.77
2017-06-14,8.61,2868.281,5243.290039,7474.40241538,19883.519531,1679.87
2017-06-15,8.53,2823.159,5216.879883,7419.35733058,19831.820313,1655.4
2017-06-16,8.62,2844.783,5263.310059,7463.53736044,19943.259766,1673.42
2017-06-19,8.65,2856.086,5310.720215,7523.81034127,20067.75,1683.41
2017-06-20,8.59,2829.709,5293.649902,7472.70522776,20230.410156,1665.07
2017-06-21,8.57,2820.011,5274.259766,7447.79332701,20138.789063,1664.1
2017-06-22,8.58,2826.674,5281.930176,7439.29199779,20110.509766,1666.28
2017-06-23,8.59,2830.232,5266.120117,7424.12972316,20132.669922,1668.6
2017-06-26,8.6,2837.169,5295.75,7446.80317679,20153.349609,1675.53
2017-06-27,8.64,2841.363,5258.580078,7434.36137081,20225.089844,1675.46
2017-06-28,8.7,2861.638,5252.899902,7387.8035107,20130.410156,1686.07
2017-06-29,8.64,2864.303,5154.350098,7350.31758184,20220.300781,1672.85
2017-06-30,8.62,2842.884,5120.680176,7312.71574904,20033.429688,1663.22
2017-07-03,8.65,2859.571,5195.720215,7377.09144627,20055.800781,1676.06
2017-07-05,8.63,2853.745,5180.100098,7367.59734121,20081.630859,1667.85
2017-07-06,8.61,2857.233,5152.399902,7337.28143887,19994.060547,1667.91
2017-07-07,8.59,2843.623,5145.160156,7350.91916702,19929.089844,1664.56
2017-07-10,8.61,2851.283,5165.640137,7370.03311676,20080.980469,1670.29
2017-07-11,8.62,2849.072,5140.600098,7329.75719845,20195.480469,1664.03
2017-07-12,8.68,2879.206,5222.129883,7416.92846169,20098.380859,1690.09
2017-07-13,8.7,2884.139,5235.399902,7413.44196009,20099.810547,1692.89
2017-07-14,8.75,2901.902,5235.310059,7378.3862415,20118.859375,1702.14
2017-07-18,8.72,2902.832,5173.27002,7390.21597717,19999.910156,1701.99
2017-07-19,8.75,2909.651,5216.069824,7430.90532261,20020.859375,1705.82
2017-07-20,8.79,2925.781,5199.220215,7487.86999923,20144.589844,1716.7
2017-07-21,8.74,2909.812,5117.660156,7452.910158,20099.75,1702.34
2017-07-24,8.72,2900.356,5127.700195,7377.72924423,19975.669922,1696.08
2017-07-25,8.77,2914.897,5161.080078,7434.82200568,19955.199219,1706.43
2017-07-26,8.82,2920.307,5190.169922,7452.32166294,20050.160156,1710.3
2017-07-27,8.79,2926.669,5186.950195,7443.01475723,20079.640625,1713.15
2017-07-28,8.8,2924.915,5131.390137,7368.36798207,19959.839844,1707.81
2017-07-31,8.83,2936.659,5093.77002,7372.00269868,19925.179688,1712.13
2017-08-01,8.89,2963.019,5127.029785,7423.66187845,19985.789063,1725.84
2017-08-02,8.87,2963.363,5107.25,7411.42606822,20080.039063,1725.34
2017-08-03,8.86,2965.065,5130.490234,7474.7681052,20029.259766,1730.32
2017-08-04,8.87,2950.873,5203.439941,7511.71236027,19952.330078,1728.34
2017-08-07,8.87,2961.619,5207.890137,7531.94257216,20055.890625,1732.49
2017-08-08,8.84,2955.581,5218.890137,7542.7278481,19996.009766,1727.28
2017-08-09,8.78,2939.262,5145.700195,7498.06285406,19738.710938,1715.22
2017-08-10,8.68,2919.916,5115.22998,7389.94302789,19729.740234,1698.54
2017-08-14,8.7,2911.791,5121.669922,7353.88737575,19537.099609,1703.69
2017-08-15,8.71,2902.028,5140.25,7383.84650536,19753.310547,1695.87
2017-08-16,8.77,2912.296,5176.609863,7433.03049228,19729.279297,1704.97
2017-08-17,8.66,2907.277,5146.850098,7387.86954247,19702.630859,1700.46
2017-08-18,8.67,2895.513,5114.149902,7323.9810485,19470.410156,1689.47
2017-08-21,8.67,2896.037,5087.589844,7318.87764505,19393.130859,1692.17
2017-08-22,8.7,2896.788,5131.859863,7381.74251407,19383.839844,1698.46
2017-08-23,8.69,2898.578,5115.390137,7382.65247554,19434.640625,1697.62
2017-08-24,8.68,2894.553,5113.129883,7407.06354309,19353.769531,1699.19
2017-08-25,8.74,2907.816,5104.330078,7401.45534996,19452.609375,1706.91
2017-08-29,8.68,2901.835,5031.919922,7337.42916345,19362.550781,1703.35
2017-08-30,8.68,2890.574,5056.339844,7365.25849263,19506.539063,1699.31
2017-08-31,8.76,2908.382,5085.589844,7430.62282946,19646.240234,1708.24
2017-09-01,8.77,2917.666,5123.259766,7438.49845601,19691.470703,1717.12
2017-09-05,8.73,2908.238,5086.560059,7372.91760767,19385.810547,1712.07
2017-09-06,8.73,2908.097,5101.410156,7354.12935619,19357.970703,1715.59
2017-09-07,8.8,2926.608,5114.620117,7396.98241496,19396.519531,1730.12
2017-09-08,8.82,2931.575,5113.490234,7377.5984054,19274.820313,1734.35
2017-09-11,8.88,2952.635,5176.709961,7413.59122401,19545.769531,1747.11
2017-09-12,8.94,2965.244,5209.009766,7400.69328064,19776.619141,1751.94
2017-09-13,8.9,2958.694,5217.589844,7379.69950175,19865.820313,1746.35
2017-09-14,8.91,2951.852,5225.200195,7295.38698022,19807.439453,1741.61
2017-09-15,8.91,2958.526,5213.910156,7215.46766857,19909.5,1749.59
2017-09-19,8.98,2983.935,5237.439941,7275.24753953,20299.380859,1758.27
2017-09-20,8.96,2990.205,5241.660156,7271.95102555,20310.460938,1760.16
2017-09-21,8.96,2978.421,5267.290039,7263.90207382,20347.480469,1754.07
2017-09-22,8.99,2993.469,5281.290039,7310.63997768,20296.449219,1762.4
2017-09-25,8.95,2980.607,5267.129883,7301.2869974,20397.580078,1751.04
2017-09-26,8.91,2961.199,5268.759766,7285.73673842,20330.189453,1740.78
2017-09-27,8.93,2959.542,5281.959961,7313.50950078,20267.050781,1738.93
2017-09-28,8.97,2972.383,5293.77002,7322.81635471,20363.109375,1749.91
2017-09-29,9.02,2988.88,5329.810059,7372.75753995,20356.279297,1763.38
2017-10-02,9,2981.044,5350.439941,7438.83752106,20400.779297,1759.61
2017-10-03,9.02,2990.426,5367.410156,7468.11371244,20614.070313,1764.94
2017-10-04,8.99,2980.903,5363.22998,7467.58469545,20626.660156,1764.52
2017-10-05,8.99,2980.831,5379.209961,7507.9912772,20628.560547,1760.89
2017-10-06,8.99,2982.229,5359.899902,7522.87249058,20690.710938,1756.39
2017-10-10,9.05,3002.936,5363.649902,7538.27117366,20823.509766,1772.04
2017-10-11,9.07,3005.201,5362.410156,7533.80759768,20881.269531,1776.08
2017-10-12,9.06,3005.084,5360.810059,7556.24211114,20954.720703,1776.9
2017-10-13,9.07,3014.746,5351.740234,7535.43741013,21155.179688,1780.36
2017-10-16,9.07,3017.035,5362.879883,7526.96895587,21255.560547,1774.71
2017-10-17,9.05,3005.02,5361.370117,7516.17452385,21336.119141,1763.92
2017-10-18,9.07,3012.916,5383.810059,7542.8669786,21363.050781,1772.7
2017-10-19,9.08,3023.664,5368.290039,7523.03819537,21448.519531,1773.98
2017-10-20,9.08,3014.478,5372.379883,7523.22595783,21457.640625,1768.65
2017-10-23,9.07,3009.83,5386.810059,7524.45224381,21696.650391,1764.98
2017-10-24,9.07,3010.599,5394.799805,7526.54311672,21805.169922,1761.37
2017-10-25,9.03,3002.833,5374.890137,7447.21294227,21707.619141,1758.26
2017-10-26,9.02,3000.297,5455.399902,7486.49916864,21739.779297,1760.6
2017-10-27,9.03,2993.188,5494.129883,7505.02978898,22008.449219,1752.31
2017-10-30,9.07,3010.035,5493.629883,7487.81214697,22011.669922,1763.82
2017-10-31,9.09,3009.477,5503.290039,7493.07874918,22011.609375,1770.87
2017-11-01,9.11,3021.313,5514.290039,7487.96182756,22420.080078,1771.71
2017-11-02,9.11,3031.309,5510.5,7555.32151165,22539.119141,1773.01
2017-11-03,9.09,3016.472,5517.970215,7560.34673307,22539.119141,1768.79
2017-11-06,9.09,3012.271,5507.25,7562.27681385,22548.349609,1766.89
2017-11-07,9.07,3015.658,5480.640137,7513.1148644,22937.599609,1756.65
2017-11-08,9.1,3021.115,5471.430176,7529.72085327,22913.820313,1757.87
2017-11-09,9.06,3007.258,5407.75,7484.10194665,22868.710938,1748.04
2017-11-10,9.02,3001.418,5380.720215,7432.98908278,22681.419922,1743.85
2017-11-13,8.98,2976.385,5341.629883,7415.17657768,22380.990234,1733.34
2017-11-14,8.99,2971.967,5315.580078,7414.41933424,22380.009766,1735.5
2017-11-15,8.93,2957.804,5301.25,7372.61277313,22028.320313,1733.77
2017-11-16,9,2965.233,5336.390137,7386.94481343,22351.119141,1741.62
2017-11-17,8.99,2965.199,5319.169922,7380.68323754,22396.800781,1737.91
2017-11-20,8.98,2961.435,5340.450195,7389.45797423,22261.759766,1744.61
2017-11-21,9.03,2970.272,5366.149902,7411.33679234,22416.480469,1748.62
2017-11-22,9.07,2989.188,5352.759766,7419.01543562,22523.150391,1752.94
2017-11-24,9.14,3013.978,5390.459961,7409.64086572,22550.849609,1773.07
2017-11-27,9.1,3002.456,5360.089844,7383.90011013,22495.990234,1762.1
2017-11-28,9.12,3002.279,5390.47998,7460.654885,22486.240234,1765.2
2017-11-29,9.11,3019.02,5398.049805,7393.56307846,22597.199219,1766.53
2017-11-30,9.13,3028.626,5372.790039,7326.66626205,22724.960938,1771.14
2017-12-01,9.07,3002.883,5316.890137,7300.48601829,22819.029297,1750.33
2017-12-04,9.06,3014.994,5389.290039,7338.97041796,22707.160156,1763.88
2017-12-05,9.04,3007.185,5375.529785,7327.50377868,22622.380859,1758.08
2017-12-06,8.99,2985.246,5374.350098,7348.03407185,22177.039063,1751.4
2017-12-07,9.01,2990.773,5383.859863,7320.74990139,22498.029297,1751.88
2017-12-08,8.92,3005.219,5399.089844,7393.9579618,22811.080078,1758.67
2017-12-11,8.94,3022.073,5386.830078,7453.4800871,22938.730469,1764.78
2017-12-12,8.98,3027.113,5427.189941,7500.41426269,22866.169922,1766.99
2017-12-13,9.01,3032.884,5399.450195,7496.51163511,22758.070313,1766.85
2017-12-14,8.95,3027.836,5357.140137,7448.1179811,22694.449219,1761.17
2017-12-15,8.92,3010.985,5349.299805,7490.56982572,22553.220703,1756.8
2017-12-18,9.02,3052.916,5420.580078,7537.00810523,22901.769531,1784.03
2017-12-19,9.01,3038.62,5382.910156,7544.08657225,22868,1775.89
2017-12-20,8.99,3041.907,5352.77002,7525.21781372,22891.720703,1774.3
2017-12-21,9.04,3048.94,5385.970215,7603.98044027,22866.099609,1781.9
2017-12-22,9.02,3045.728,5364.720215,7592.6632534,22902.759766,1776.01
2017-12-27,9.04,3056.225,5368.839844,7620.68164927,22911.210938,1785.66
2017-12-28,9.05,3059.517,5339.419922,7622.87781371,22783.980469,1787.59
2017-12-29,9.06,3071.634,5312.560059,7687.77269823,22764.939453,1796.64
2018-01-04,9.29,3131.017,5413.689941,7695.88265858,23506.330078,1827.31
2018-01-05,9.34,3147.554,5470.75,7724.21808587,23714.529297,1838.21
2018-01-09,9.35,3155.338,5523.939941,7731.02010127,23849.990234,1834.99
2018-01-10,9.39,3177.058,5504.680176,7748.51184481,23788.199219,1836.76
2018-01-11,9.47,3184.733,5488.549805,7762.94126798,23710.429688,1840.58
2018-01-12,9.56,3208.401,5517.060059,7778.63768913,23653.820313,1861.26
2018-01-16,9.55,3234.374,5513.819824,7755.93144118,23951.810547,1873.24
2018-01-17,9.57,3229.219,5493.990234,7725.43207589,23868.339844,1873.11
2018-01-18,9.55,3224.643,5494.830078,7700.9634843,23763.369141,1876.22
2018-01-19,9.59,3233.923,5526.509766,7730.78791892,23808.060547,1883.86
2018-01-22,9.66,3250.823,5541.990234,7715.44153376,23816.330078,1894.07
2018-01-23,9.69,3268.408,5535.259766,7731.82777398,24124.150391,1903.36
2018-01-24,9.72,3286.11,5495.160156,7643.42896565,23940.779297,1907.26
2018-01-25,9.69,3299.163,5481.209961,7615.8399543,23669.490234,1915.23
2018-01-26,9.76,3290.045,5529.149902,7665.54129155,23631.880859,1913.88
2018-01-29,9.69,3272.434,5521.589844,7671.53329973,23629.339844,1898.71
2018-01-30,9.6,3247.491,5473.779785,7587.98262022,23291.970703,1889.78
2018-01-31,9.57,3236.18,5481.930176,7533.55200662,23098.289063,1892.98
2018-02-01,9.62,3240.894,5454.549805,7490.39237935,23486.109375,1884.41
2018-02-02,9.42,3199.254,5364.97998,7443.42759606,23274.529297,1853.73
2018-02-05,9.06,3148.222,5285.830078,7334.98160051,22682.080078,1822.53
2018-02-06,9.19,3046.599,5161.810059,7141.39546591,21610.240234,1767.17
2018-02-07,9.12,3075.103,5255.899902,7279.42068421,21645.369141,1794.12
2018-02-08,8.87,3051.08,5151.680176,7170.68629909,21890.859375,1760.52
2018-02-09,8.93,3002.553,5079.209961,7092.43284449,21382.619141,1733.31
2018-02-13,8.99,3028.94,5109.240234,7168.00743378,21244.679688,1758.39
2018-02-14,9.14,3054.787,5165.259766,7213.97107692,21154.169922,1783.97
2018-02-15,9.21,3084.922,5222.52002,7234.80796477,21464.980469,1803.23
2018-02-16,9.21,3109.735,5281.580078,7294.7044815,21720.25,1818.27
2018-02-20,9.16,3094.91,5289.859863,7246.76933953,21925.099609,1802.23
2018-02-21,9.08,3086.866,5302.169922,7281.57152891,21970.810547,1802.1
2018-02-22,9.13,3080.602,5309.22998,7252.3924887,21736.439453,1798.81
2018-02-23,9.19,3094.001,5317.370117,7244.41365322,21892.779297,1799.25
2018-02-26,9.25,3110.239,5344.259766,7289.58437336,22153.630859,1807.09
2018-02-27,9.15,3102.561,5343.930176,7282.45216289,22389.859375,1796.53
2018-02-28,9.04,3073.776,5320.490234,7231.91258245,22068.240234,1777.75
2018-03-01,8.94,3033.033,5262.560059,7175.63550578,21724.470703,1753.1
2018-03-02,8.94,3004.848,5136.580078,7069.89755019,21181.640625,1734.6
2018-03-05,8.98,3011.017,5167.22998,7115.98116057,21042.089844,1755.13
2018-03-06,9.02,3033.679,5170.22998,7146.74536574,21417.759766,1767.6
2018-03-07,9.03,3029.609,5187.830078,7157.84069157,21252.720703,1773.64
2018-03-08,9.04,3035.092,5254.100098,7203.23896504,21368.070313,1781.11
2018-03-09,9.09,3035.573,5274.399902,7224.51356184,21469.199219,1787.07
2018-03-12,9.12,3060.977,5276.709961,7214.75501977,21824.029297,1791.49
2018-03-13,9.06,3055.373,5242.790039,7138.77585339,21968.099609,1784.95
2018-03-14,9.06,3040.539,5233.359863,7132.69468075,21777.289063,1777.04
2018-03-15,9.06,3041.297,5267.259766,7139.762112,21803.949219,1780.47
2018-03-16,9.07,3041.374,5282.75,7164.14140881,21676.509766,1779.14
2018-03-19,8.95,3018.309,5222.839844,7042.93273167,21480.900391,1766.61
2018-03-20,8.96,3017.052,5252.430176,7061.27297956,21380.970703,1767.56
2018-03-22,8.8,2995.963,5167.209961,6952.5864268,21591.990234,1743.07
2018-03-23,8.71,2961.144,5095.220215,6921.94294277,20617.859375,1734.29
2018-03-26,8.87,2962.669,5066.279785,6888.68889959,20766.099609,1733.83
2018-03-27,8.81,2992.242,5115.740234,7000.13904086,21317.320313,1748.24
2018-03-28,8.85,2980.067,5130.439941,7044.74019464,21031.310547,1750.57
2018-03-29,8.91,2979.823,5167.299805,7056.60962851,21159.080078,1750.54
2018-04-03,8.84,2963.987,5152.120117,7030.45756822,21292.289063,1738.71
2018-04-04,8.86,2965.257,5141.799805,7034.01204548,21319.550781,1734.92
2018-04-05,8.94,3001.654,5276.669922,7199.49972026,21645.419922,1766.64
2018-04-06,8.87,2999.287,5258.240234,7183.63880387,21567.519531,1765.12
2018-04-09,8.96,3015.39,5263.390137,7194.75088129,21678.259766,1774.59
2018-04-10,9.06,3047.653,5307.560059,7266.74851517,21794.320313,1795.21
2018-04-11,9.02,3046.288,5277.939941,7257.14259553,21687.099609,1789.58
2018-04-12,9.05,3041.81,5309.220215,7258.33745084,21660.279297,1791.51
2018-04-13,9.06,3051.469,5315.02002,7264.56223649,21778.740234,1794.59
2018-04-16,9.08,3053.093,5312.959961,7198.19749173,21835.529297,1793.16
2018-04-17,9.11,3061.403,5353.540039,7226.05387017,21847.589844,1804.64
2018-04-18,9.15,3082.274,5380.169922,7317.33840525,22158.199219,1814.82
2018-04-19,9.14,3089.273,5391.640137,7328.91878443,22191.179688,1813.27
2018-04-20,9.1,3072.204,5412.830078,7368.16798018,22162.240234,1800.48
2018-04-23,9.1,3070.512,5438.549805,7398.87342283,22088.039063,1798.02
2018-04-24,9.07,3075.539,5444.160156,7425.40163368,22278.119141,1797.46
2018-04-25,9.05,3049.76,5413.299805,7379.32454079,22215.320313,1777.76
2018-04-26,9.08,3052.911,5453.580078,7421.42596152,22319.609375,1785.44
2018-04-27,9.09,3058.781,5483.189941,7502.21322632,22467.869141,1788.36
2018-05-02,9,3042.403,5529.220215,7543.1983357,22472.779297,1779.15
2018-05-08,9.02,3030.341,5521.930176,7565.75046987,22508.689453,1775.11
2018-05-09,9.04,3043.594,5534.629883,7662.52323493,22408.880859,1786.99
2018-05-10,9.11,3047.822,5545.950195,7700.96686677,22497.179688,1788.53
2018-05-11,9.15,3071.036,5541.939941,7724.55032307,22758.480469,1800.06
2018-05-14,9.16,3077.987,5540.680176,7710.98372386,22865.859375,1804.1
2018-05-15,9.11,3054.227,5553.160156,7722.97522249,22818.019531,1789.27
2018-05-16,9.08,3034.621,5567.540039,7734.20000718,22717.230469,1781.41
2018-05-17,9.11,3048.146,5621.919922,7787.97079564,22838.369141,1793.68
2018-05-18,9.09,3039.819,5614.509766,7778.79308912,22930.359375,1785.56
2018-05-21,9.11,3034.295,5637.509766,7859.1683105,23002.369141,1788.38
2018-05-22,9.11,3045.948,5640.100098,7877.44554832,22960.339844,1796.15
2018-05-23,9,3004.491,5565.850098,7788.44283753,22689.740234,1765.11
2018-05-24,8.94,2985.014,5548.450195,7716.74312616,22437.009766,1757.96
2018-05-25,8.87,2961.735,5542.549805,7730.28243645,22450.789063,1749.62
2018-05-29,8.66,2904.705,5438.060059,7632.63670801,22358.429688,1707.66
2018-05-30,8.76,2906.429,5427.350098,7689.5689301,22018.519531,1719.79
2018-05-31,8.75,2905.588,5398.399902,7678.1962249,22201.820313,1717.22
2018-06-01,8.82,2920.254,5465.529785,7701.77017392,22171.349609,1732.33
2018-06-04,8.85,2948.8,5472.910156,7741.28653474,22475.939453,1742.36
2018-06-05,8.82,2925.549,5460.950195,7686.79979229,22539.539063,1732.6
2018-06-06,8.88,2948.379,5457.560059,7712.37254831,22625.730469,1748.57
2018-06-07,8.9,2961.821,5448.359863,7704.40253479,22823.259766,1751.16
2018-06-08,8.87,2941.691,5450.220215,7681.06785523,22694.5,1739.06
2018-06-11,8.95,2960.978,5473.910156,7737.43184896,22804.039063,1757.56
2018-06-12,8.9,2951.152,5453.370117,7703.80958637,22878.349609,1752.21
2018-06-13,8.89,2945.833,5452.72998,7703.71269013,22966.380859,1753.04
2018-06-14,8.86,2944.714,5528.459961,7765.79063206,22738.609375,1756.26
2018-06-15,8.78,2912.85,5501.879883,7633.91245166,22851.75,1734.02
2018-06-18,8.73,2892.155,5450.47998,7631.32876499,22680.330078,1719.29
2018-06-19,8.65,2866.854,5390.629883,7603.84511893,22278.480469,1700.17
2018-06-20,8.67,2876.288,5372.310059,7627.40460567,22555.429688,1706.55
2018-06-21,8.61,2859.631,5316.009766,7556.44267668,22693.039063,1695.67
2018-06-22,8.73,2890.155,5387.379883,7682.26805801,22516.830078,1721.16
2018-06-25,8.6,2852.812,5283.859863,7509.83621317,22338.150391,1689.65
2018-06-26,8.6,2853.671,5281.290039,7537.9228388,22342,1688.19
2018-06-27,8.57,2849.136,5327.200195,7621.68958938,22271.769531,1691.08
2018-06-28,8.57,2837.89,5275.640137,7615.62550638,22270.390625,1675.74
2018-06-29,8.64,2862.149,5323.529785,7636.92684675,22304.509766,1702.61
2018-07-02,8.55,2821.324,5276.759766,7547.84522539,21811.929688,1678.76
2018-07-03,8.6,2845.784,5316.77002,7593.29496125,21785.539063,1698.7
2018-07-05,8.67,2870.303,5366.319824,7603.21994595,21546.990234,1714.88
2018-07-06,8.71,2889.909,5375.77002,7617.69593247,21788.140625,1726.31
2018-07-09,8.79,2910.938,5398.109863,7687.98851536,22052.179688,1737
2018-07-10,8.8,2906.014,5434.359863,7692.03815473,22196.890625,1738.74
2018-07-11,8.63,2867.654,5353.930176,7591.95667983,21932.210938,1716.61
2018-07-12,8.69,2868.287,5405.899902,7651.32940107,22187.960938,1724.36
2018-07-13,8.71,2870.162,5429.200195,7661.86693317,22597.349609,1725.14
2018-07-16,8.71,2865.585,5409.430176,7600.45418631,22597.349609,1725.33
2018-07-17,8.71,2865.043,5422.540039,7626.32891712,22697.359375,1725.87
2018-07-18,8.71,2870.033,5447.439941,7676.27623044,22794.189453,1729.81
2018-07-19,8.68,2862.665,5417.069824,7683.96987328,22764.679688,1721.89
2018-07-20,8.72,2880.427,5398.319824,7678.79295442,22697.880859,1733.11
2018-07-23,8.72,2883.354,5378.25,7655.78821059,22396.990234,1729.6
2018-07-24,8.81,2911.705,5434.189941,7709.05132865,22510.480469,1744.49
2018-07-25,8.84,2904.981,5426.410156,7658.26085438,22614.25,1735.01
2018-07-26,8.82,2918.319,5480.549805,7663.17271887,22586.869141,1746.52
2018-07-27,8.87,2936.876,5511.759766,7701.31014691,22712.75,1752.54
2018-07-30,8.88,2945.122,5491.220215,7700.85211185,22544.839844,1756.22
2018-07-31,8.89,2942.244,5511.299805,7748.76432656,22553.720703,1758.44
2018-08-01,8.86,2928.56,5498.370117,7652.91350867,22746.699219,1745.73
2018-08-02,8.77,2887.906,5460.97998,7575.92646268,22512.529297,1722.51
2018-08-03,8.78,2894.302,5478.97998,7659.09975188,22525.179688,1730.84
2018-08-06,8.73,2882.879,5477.180176,7663.7782391,22507.320313,1723.82
2018-08-07,8.8,2912.3,5521.310059,7718.4849083,22662.740234,1737.3
2018-08-08,8.82,2913.104,5501.899902,7776.64777788,22644.310547,1735.58
2018-08-09,8.78,2900.363,5502.25,7741.76877137,22598.390625,1731.79
2018-08-10,8.6,2847.325,5414.680176,7667.00566843,22298.080078,1692.06
2018-08-13,8.54,2816.156,5412.319824,7642.44949541,21857.429688,1685.41
2018-08-14,8.53,2815.307,5403.410156,7611.64418341,22356.080078,1679.17
2018-08-15,8.39,2778.963,5305.220215,7497.87439142,22204.220703,1647.43
2018-08-16,8.45,2795.594,5349.02002,7556.3785419,22192.039063,1666.55
2018-08-17,8.51,2803.178,5344.930176,7558.58535397,22270.380859,1667.77
2018-08-20,8.57,2814.13,5379.649902,7591.26242505,22199,1680.78
2018-08-21,8.63,2826.539,5408.600098,7565.69554312,22219.730469,1697.26
2018-08-22,8.67,2843.361,5420.609863,7574.23717315,22362.550781,1708.18
2018-08-23,8.6,2821.962,5419.330078,7563.21800198,22410.820313,1701.6
2018-08-24,8.67,2833.237,5432.5,7577.48975902,22601.769531,1710.26
2018-08-28,8.75,2863.657,5484.990234,7617.22058055,22813.470703,1731.44
2018-08-29,8.8,2867.854,5501.330078,7563.21112011,22848.220703,1733.3
2018-08-30,8.73,2850.582,5478.060059,7516.03316033,22869.5,1722.65
2018-08-31,8.65,2825.209,5406.850098,7432.4199687,22865.150391,1704.61
2018-09-04,8.6,2794.425,5342.700195,7457.85816219,22696.900391,1683.05
2018-09-05,8.55,2782.299,5260.220215,7383.2767752,22580.830078,1674.56
2018-09-06,8.5,2768.989,5243.839844,7318.96117687,22487.939453,1665.45
2018-09-07,8.44,2753.026,5252.220215,7277.69893766,22307.060547,1660.16
2018-09-10,8.49,2764.685,5269.629883,7279.30196575,22373.089844,1670.35
2018-09-11,8.49,2763.338,5283.790039,7273.54219798,22664.689453,1666.63
2018-09-12,8.54,2778.24,5332.129883,7313.36288037,22604.609375,1679.97
2018-09-13,8.59,2794.387,5328.120117,7281.57089939,22821.320313,1685.57
2018-09-14,8.6,2806.198,5352.569824,7304.0445974,23094.669922,1690.03
2018-09-18,8.72,2837.578,5363.790039,7300.23242055,23420.539063,1698.88
2018-09-19,8.78,2858.019,5393.740234,7331.11996756,23672.519531,1700.77
2018-09-20,8.9,2886.802,5451.589844,7367.32305999,23674.929688,1725.05
2018-09-21,8.92,2908.697,5494.169922,7490.23011468,23869.929688,1734.81
2018-09-25,8.97,2915.667,5479.100098,7507.55807034,23940.259766,1736.51
2018-09-26,8.98,2908.434,5512.72998,7511.49031783,24033.789063,1736.31
2018-09-27,8.94,2896.465,5540.410156,7545.44228716,23796.740234,1732.74
2018-09-28,8.85,2872.907,5493.490234,7510.20051637,24120.039063,1709.28
2018-10-01,8.86,2862.854,5506.819824,7495.66739325,24245.759766,1708.01
2018-10-02,8.8,2854.352,5467.890137,7474.5456693,24270.619141,1695.28
2018-10-03,8.77,2848.083,5491.399902,7510.28025147,24110.960938,1701.3
2018-10-04,8.75,2843.18,5410.850098,7418.34243925,23975.619141,1680.83
2018-10-05,8.7,2824.445,5359.359863,7318.53932545,23783.720703,1665
2018-10-09,8.63,2797.851,5318.549805,7237.59269972,23469.390625,1645.1
2018-10-10,8.47,2804.443,5206.220215,7145.74236615,23506.039063,1628.28
2018-10-11,8.37,2740.201,5106.370117,7006.92728901,22590.859375,1599.48
2018-10-12,8.36,2728.406,5095.97998,6995.91340642,22694.660156,1595.8
2018-10-15,8.37,2729.473,5095.069824,7029.22077623,22271.300781,1602.03
2018-10-16,8.49,2751.906,5173.049805,7059.40128127,22549.240234,1625.2
2018-10-17,8.43,2751.39,5144.950195,7054.60481157,22841.119141,1611.66
2018-10-18,8.3,2736.08,5116.790039,7026.98816795,22658.160156,1597.71
2018-10-19,8.33,2733.361,5084.660156,7049.79786855,22532.080078,1597.72
2018-10-22,8.24,2716.661,5053.310059,7042.79771111,22614.820313,1587.28
2018-10-23,8.13,2674.578,4967.689941,6955.21482112,22010.779297,1562.2
2018-10-24,7.89,2654.318,4953.089844,6962.98029558,22091.179688,1549.47
2018-10-25,7.99,2634.255,5032.299805,7004.09843065,21268.730469,1555.17
2018-10-26,7.94,2627.309,4967.370117,6939.5560788,21184.599609,1542.44
2018-10-29,7.95,2644.572,4989.350098,7026.32027729,21149.800781,1558.19
2018-10-30,8.03,2646.643,4978.529785,7035.8514814,21457.289063,1555.01
2018-10-31,8.13,2679.145,5093.439941,7128.10490753,21920.460938,1577.24
2018-11-01,8.22,2692.783,5085.779785,7114.65725337,21687.650391,1592.47
2018-11-02,8.18,2698.195,5102.129883,7094.12249998,22243.660156,1593.93
2018-11-05,8.19,2698.293,5101.390137,7103.84358279,21898.990234,1595.34
2018-11-06,8.21,2705.854,5075.189941,7040.67885013,22147.75,1592.46
2018-11-07,8.32,2730.027,5137.939941,7117.28151037,22085.800781,1616.48
2018-11-08,8.25,2740.23,5131.450195,7140.6788117,22486.919922,1613.18
2018-11-09,8.19,2715.88,5106.75,7105.33775061,22250.25,1597.5
2018-11-12,8.05,2684.29,5059.089844,7053.08049854,22269.880859,1568.26
2018-11-13,8.05,2678.888,5101.850098,7053.75937558,21810.519531,1583.04
2018-11-14,8.05,2670.862,5068.850098,7033.79149249,21846.480469,1577.79
2018-11-15,8.05,2657.311,5033.620117,7038.01205219,21803.619141,1563.85
2018-11-16,8.05,2667.023,5025.200195,7013.87974393,21680.339844,1571.48
2018-11-19,8.02,2669.769,4985.450195,7000.8922948,21821.160156,1567.73
2018-11-20,7.86,2642.029,4924.890137,6947.91647096,21583.119141,1544.24
2018-11-21,7.95,2650.193,4975.5,7050.22753536,21507.539063,1559.82
2018-11-26,7.98,2657.498,4994.97998,7035.99953869,21812,1565.84
2018-11-27,7.95,2651.546,4983.149902,7016.84856227,21952.400391,1555.13
2018-11-28,8.05,2649.15,4983.240234,7004.5229468,22177.019531,1553.28
2018-11-29,8.02,2671.987,5006.25,7038.94693705,22262.599609,1571.09
2018-11-30,7.99,2656.156,5003.919922,6980.23749935,22351.060547,1559.72
2018-12-03,8.09,2689.376,5053.97998,7062.41378515,22574.759766,1579.4
2018-12-04,7.87,2660.021,5012.660156,7022.7627602,22036.050781,1568.05
2018-12-06,7.74,2574.659,4780.459961,6704.04500845,21501.619141,1505.43
2018-12-07,7.43,2588.445,4813.129883,6778.10607449,21678.679688,1516.48
2018-12-10,7.35,2534.53,4742.379883,6721.53696183,21219.5,1486.19
2018-12-11,7.35,2541.603,4806.200195,6806.93576082,21148.019531,1501.99
2018-12-12,7.5,2592.71,4909.450195,6880.18882361,21602.75,1532.8
2018-12-13,7.5,2593.237,4896.919922,6877.4993782,21816.189453,1528.12
2018-12-14,7.4,2567.044,4853.700195,6845.16528561,21374.830078,1511.83
2018-12-17,7.32,2562.132,4799.870117,6773.24305417,21506.880859,1499.76
2018-12-18,7.31,2536.989,4754.080078,6701.58589454,21115.449219,1490.4
2018-12-19,7.25,2552.692,4777.450195,6765.93969853,20987.919922,1502.39
2018-12-20,7.22,2515.519,4692.459961,6711.93364336,20392.580078,1480.24
2018-12-21,7.09,2502.76,4694.379883,6721.17441015,20166.189453,1480.01
2018-12-27,7.17,2471.916,4598.609863,6584.67512589,20077.619141,1447.41
2018-12-28,7.24,2513.177,4678.740234,6733.97391374,20014.769531,1480.57
