Date,FSPTX,Benchmark,composite
2014-01-02,10000,10000,10000
2014-01-03,9988.531170639797,9969.422442023866,9923.265401777928
2014-01-06,9984.43516015401,9942.174350354597,9879.737815808381
2014-01-07,10089.293028590153,10040.672714355582,9991.79237897778
2014-01-08,10140.08355861391,10053.790965460174,10014.872605388773
2014-01-09,10067.99377406406,10000.279242437604,9969.3478356239375
2014-01-10,10120.42270828213,10024.359642065703,10005.834750849082
2014-01-13,9990.169574834112,9910.087372633678,9868.211016052033
2014-01-14,10166.298025722945,10098.866358494832,10060.624466308742
2014-01-15,10275.251904644874,10216.771969697478,10156.74999889658
2014-01-16,10299.827967559597,10216.844884315637,10168.068919167301
2014-01-17,10261.3254689932,10157.285304177762,10128.532752242318
2014-01-21,10311.2967969198,10201.502290853412,10191.67571314993
2014-01-22,10358.810518554927,10212.0869660903,10218.843401990882
2014-01-23,10273.613500450561,10164.938735374943,10174.123109254939
2014-01-24,10013.107233554518,9949.499041740584,9945.690844226203
2014-01-27,9882.854100106495,9840.42784830389,9812.038623551525
2014-01-28,10045.056115343654,9808.345534665454,9841.399353715473
2014-01-29,9924.633407061521,9709.776886653386,9724.935394126276
2014-01-30,10127.79552715655,9867.94998575139,9916.487306063013
2014-01-31,10108.134676824771,9872.405862944483,9874.997174566905
2014-02-03,9836.978782665681,9643.236261714137,9616.543167284308
2014-02-04,9913.983779798476,9700.601124756455,9690.134969315817
2014-02-05,9877.119685426394,9690.895809282567,9661.672604853788
2014-02-06,10030.310477594821,9805.521365478908,9785.491663953231
2014-02-07,10215.450151552388,9946.60698244919,9945.268440430644
2014-02-10,10227.738183009747,9976.638832015968,9982.224762739195
2014-02-11,10309.658392725485,10080.392116074043,10075.357079223691
2014-02-12,10334.234455640206,10114.075328952747,10109.404392305887
2014-02-13,10436.634717784877,10212.075631347756,10221.8406260474
2014-02-14,10459.572376505283,10233.53229360599,10228.679576330893
2014-02-18,10565.249447038585,10264.144054853647,10286.21696810552
2014-02-19,10507.086098140411,10211.304492285171,10217.754417810054
2014-02-20,10535.758171540918,10257.003565138039,10282.789261035134
2014-02-21,10530.023756860815,10225.638847756038,10265.31039046584
2014-02-24,10595.559924633406,10284.275993957412,10336.720016987472
2014-02-25,10578.356680593102,10254.872999349956,10333.217866140298
2014-02-26,10637.339231588432,10282.912537938055,10365.333204725954
2014-02-27,10751.208323093306,10355.2652014002,10428.990235702418
2014-02-28,10706.152207749652,10331.609227898269,10393.21005638693
2014-03-03,10597.19832882772,10242.42590810045,10308.255903215859
2014-03-04,10814.286884574423,10419.828960090646,10501.223958477582
2014-03-05,10869.173425083967,10430.937228346951,10515.763567277641
2014-03-06,10892.930285901532,10426.888239899534,10502.649967014555
2014-03-07,10823.298107643155,10392.522376415827,10457.085650084739
2014-03-10,10771.68837552224,10367.71585392145,10431.443873897357
2014-03-11,10708.609814041121,10330.289631468837,10377.967663586052
2014-03-12,10700.41779306955,10365.956026205147,10420.093120361102
2014-03-13,10527.566150569346,10198.09267979361,10251.092158544227
2014-03-14,10484.967641517162,10146.531075824812,10211.039463708172
2014-03-17,10589.825509953305,10271.065746919143,10320.063231383974
2014-03-18,10747.11231260752,10419.476786896194,10469.810490408017
2014-03-19,10668.468911280412,10361.457306159835,10398.858983379068
2014-03-20,10623.412795936756,10423.907390894945,10439.096425255239
2014-03-21,10548.865405095436,10364.868918417655,10341.391396506218
2014-03-24,10438.273121979193,10308.303044443688,10220.960213928793
2014-03-25,10393.217006635536,10365.99068673966,10253.374168171465
2014-03-26,10233.47259768985,10217.430616685378,10079.905453928053
2014-03-27,10151.552387974112,10158.40995056681,10017.158672532234
2014-03-28,10187.597280249036,10198.753188110852,10039.201560485142
2014-03-31,10279.347915130662,10296.658863965105,10143.20080200273
2014-04-01,10449.741951339394,10439.714913224969,10321.452932661314
2014-04-02,10473.498812156959,10436.058460844959,10324.86816364685
2014-04-03,10327.680838862947,10354.648332110737,10215.192284923152
2014-04-04,10025.395265011877,10113.039515313414,9933.362931889396
2014-04-07,9886.950110592285,10021.343825891418,9826.271408843915
2014-04-08,9989.350372736955,10109.188602433393,9931.754872115032
2014-04-09,10208.89653477513,10277.757398044574,10113.927035374038
2014-04-10,9909.068567215532,10000.048873344103,9797.551919822601
2014-04-14,8997.29663307938,9961.256295286827,9878.726163666512
2014-04-15,9025.14950438273,10015.082765873147,9923.371357522201
2014-04-16,9170.148275579586,10122.042490975979,10052.977138169004
2014-04-17,9152.94503153928,10110.648401074603,10053.685370856314
2014-04-21,9193.085934299992,10154.779987162734,10111.317069316141
2014-04-22,9267.633325141313,10215.38934091,10198.960777775817
2014-04-23,9164.413860899484,10120.74960946419,10090.667614663827
2014-04-24,9221.758007700499,10201.97746241215,10150.970762235904
2014-04-25,9030.883919062831,10033.20824574342,9923.530454516427
2014-04-28,8988.285410010649,10089.184707725479,9928.338620798002
2014-04-29,9086.589661669534,10165.326246929044,10013.556940366336
2014-04-30,9090.68567215532,10201.881523257642,10055.983043319007
2014-05-01,9135.741787498975,10205.360320897355,10086.087183522222
2014-05-02,9129.188170721716,10185.56441091477,10076.53682878128
2014-05-05,9146.39141476202,10216.820789245936,10113.017800112555
2014-05-06,9000.57344146801,10088.446556152827,9963.999887758355
2014-05-07,8880.150733185876,10059.483808970934,9910.037727992629
2014-05-08,8835.094617842222,10057.177923173576,9884.22029575365
2014-05-09,8870.320308019987,10079.481915267372,9934.762807660689
2014-05-12,9083.312853280902,10248.60747967266,10132.39687445437
2014-05-13,9069.386417629228,10239.422163669056,10100.879073217122
2014-05-15,8966.166953387401,10092.876207968648,10030.548082309595
2014-05-16,9000.57344146801,10158.903143666852,10098.08323271673
2014-05-19,9102.97370361268,10254.524129208148,10201.90801351907
2014-05-20,9090.68567215532,10191.403401056155,10133.16688529921
2014-05-21,9179.159498648316,10272.517686016516,10220.283941111322
2014-05-22,9247.972474809534,10299.814952285502,10265.871309378597
2014-05-23,9352.011141148521,10403.202969288968,10377.986200208088
2014-05-27,9473.253051527812,10510.624589185181,10505.135499034313
2014-05-28,9456.869009584663,10476.702502121394,10464.050186406288
2014-05-29,9504.382731219792,10544.052842980744,10530.614540207358
2014-05-30,9451.134594904564,10531.373833323141,10508.435808566484
2014-06-02,9401.982469075121,10503.921189090734,10482.231753733055
2014-06-03,9391.332841812075,10492.75135709751,10463.038783157965
2014-06-04,9407.716883755222,10524.047635659075,10498.069198748944
2014-06-05,9504.382731219792,10620.613374950262,10621.684027629284
2014-06-06,9560.90767592365,10677.11282206094,10688.14321946001
2014-06-09,9623.16703530761,10716.661530195655,10724.688173517648
2014-06-10,9664.127140165478,10732.329958504208,10732.560768301752
2014-06-11,9681.330384205783,10717.271874073298,10728.802474705704
2014-06-12,9610.059801753092,10622.75397362626,10630.693727257054
2014-06-13,9667.403948554107,10694.036636316241,10686.1929744935
2014-06-16,9714.917670189236,10706.424428625514,10703.578278303492
2014-06-17,9773.081019087409,10745.2673970641,10746.538820185115
2014-06-18,9824.690751208322,10796.13918484789,10807.520330796184
2014-06-19,9795.199475710659,10774.263793422366,10780.385873732075
2014-06-20,9791.10346522487,10746.565028731402,10767.736687434375
2014-06-23,9815.679528139592,10775.731795899543,10779.081760565172
2014-06-24,9741.951339395428,10710.033976582054,10719.572950624597
2014-06-25,9817.317932333906,10774.163728141835,10802.632217840835
2014-06-26,9846.809207831571,10760.365704499285,10789.937033455379
2014-06-27,9886.950110592285,10823.743640392411,10851.5625815963
2014-06-30,9929.548619644465,10849.811622361933,10880.710735367142
2014-07-01,10031.948881789136,10969.426063008776,11022.787527827602
2014-07-02,10006.553616777259,10960.216506687231,11008.695861307555
2014-07-03,10049.9713279266,11018.866359420117,11075.208921487352
2014-07-07,9978.700745473907,10987.446544537808,10998.62701861765
2014-07-08,9800.114688293601,10856.522500051133,10844.245898290925
2014-07-09,9827.148357499795,10903.951237401769,10905.678671559592
2014-07-10,9794.3802736135,10863.262190688156,10847.238103387617
2014-07-11,9820.594740722536,10904.015878249616,10900.904737331442
2014-07-14,9896.780535758171,10984.433461182327,10985.180394107587
2014-07-15,9850.905218317359,10950.332191581903,10929.472718366464
2014-07-16,9853.36282460883,11037.62468588662,10980.679242958657
2014-07-17,9707.544851314819,10893.086173880021,10825.597995384987
2014-07-18,9865.65085606619,11043.400094954372,10996.785988180838
2014-07-21,9854.182026705988,11036.512218831753,10987.796007919116
2014-07-22,9950.0286720734,11132.950042836637,11080.60342742307
2014-07-23,9968.870320308019,11138.030299191332,11089.248024208078
2014-07-24,10018.841648234618,11151.483256044225,11092.155508170992
2014-07-25,9990.988776931268,11109.647937092002,11006.022660972636
2014-07-28,9994.265585319898,11125.186938456607,11001.640327289906
2014-07-29,9963.955107725074,11079.420357447976,10981.778688814658
2014-07-30,10044.236913246496,11128.794947857683,11050.243563757336
2014-07-31,9803.39149668223,10897.116871807908,10817.374772964567
2014-08-01,9760.792987630046,10854.814235461214,10768.49633555318
2014-08-04,9868.108462357663,10931.420735809968,10861.117001574097
2014-08-05,9777.177029573195,10842.128942472196,10784.818914969572
2014-08-06,9752.600966658474,10825.898763892745,10782.55437459044
2014-08-07,9736.216924715327,10776.96172036719,10737.696649980564
2014-08-08,9794.3802736135,10851.178758003456,10815.136027761402
2014-08-11,9881.21569591218,10922.884378198476,10898.952666962501
2014-08-12,9845.170803637257,10893.443855748592,10858.195533396925
2014-08-13,9955.7630867535,11015.18665118248,10982.573055162564
2014-08-14,9970.508724502333,11029.535741280697,11007.20144152604
2014-08-15,9965.59351191939,11039.506624339056,11027.732768586866
2014-08-18,10080.281805521421,11159.81885906516,11151.139409474594
2014-08-19,10158.106004751371,11233.956289904947,11212.995397090312
2014-08-20,10118.784304087818,11234.553507645043,11209.050802230333
2014-08-21,10100.761857950356,11292.420052740294,11242.128703202376
2014-08-22,10136.80675022528,11298.83885235083,11259.390652213773
2014-08-25,10142.541164905382,11294.69766354628,11270.084628578501
2014-08-26,10181.862865568935,11316.534650260352,11311.692421061003
2014-08-27,10175.309248791677,11302.980509177496,11289.959286368916
2014-08-28,10125.337920865077,11275.430672352037,11253.268468648565
2014-08-29,10188.416482346194,11339.323443333464,11313.844749367108
2014-09-02,10269.517489964774,11368.541612241052,11357.923685786836
2014-09-03,10188.416482346194,11290.214049318276,11286.92196587008
2014-09-04,10168.755632014418,11275.218669091972,11268.065835048734
2014-09-05,10226.099778815433,11345.934212705613,11324.006959453525
2014-09-08,10262.963873187515,11367.71345517361,11351.958856560774
2014-09-09,10140.902760711067,11282.210091073397,11245.67304808484
2014-09-10,10234.291799787006,11375.852375934372,11331.83562472672
2014-09-11,10231.834193495535,11397.89693852687,11350.366269957105
2014-09-12,10176.128450888833,11341.340285126573,11283.310002805232
2014-09-15,10011.468829360203,11240.647370796534,11146.429141354702
2014-09-16,10076.185795035635,11319.825905520089,11232.79523902413
2014-09-17,10085.197018104365,11333.959963663387,11244.058122935654
2014-09-18,10153.190792168427,11412.767383745642,11324.041740290508
2014-09-19,10175.309248791677,11364.713040692684,11267.998319060167
2014-09-22,10047.513721635127,11260.684882403437,11134.235218408945
2014-09-23,10050.790530023756,11226.081844677052,11080.314790176155
2014-09-24,10138.445154419594,11307.647469725116,11186.69334342029
2014-09-25,9922.17580077005,11054.712313262584,10951.60536868903
2014-09-26,10032.768083886294,11185.069039629034,11074.79239309649
2014-09-29,10022.118456623248,11175.401370347996,11068.304545682702
2014-09-30,9990.988776931268,11182.383281259266,11050.131345308466
2014-10-01,9816.498730236748,10993.45707823414,10859.9010870547
2014-10-02,9860.735643483247,11011.05474212681,10886.170738849743
2014-10-03,9967.231916113704,11102.71101009965,10984.712828094625
2014-10-06,9900.057344146802,11083.895848533482,10944.603983161427
2014-10-07,9729.663307938068,10894.577061024871,10758.61127969046
2014-10-08,9900.876546243957,11105.972424914728,10965.65098639046
2014-10-09,9687.884000983042,10905.811582282025,10746.321295213937
2014-10-10,9405.25927746375,10580.136159350652,10422.45300018313
2014-10-13,9277.4637503072,10446.848942083532,10282.903088917974
2014-10-14,9325.796674039486,10488.536161623193,10343.548552740434
2014-10-15,9352.830343245678,10443.23925963788,10337.777708278843
2014-10-16,9355.28794953715,10402.621917140397,10324.297635337713
2014-10-17,9410.993692143851,10520.42458499547,10414.623471183471
2014-10-20,9523.22437945441,10590.868584328406,10513.457173536444
2014-10-21,9720.652084869336,10820.605751138948,10756.306856530038
2014-10-22,9637.912673056442,10736.933951248553,10653.424862172224
2014-10-23,9773.081019087409,10912.858187836791,10839.326967678837
2014-10-24,9824.690751208322,10998.073847444337,10890.088549456024
2014-10-27,9793.561071516342,10997.172877970466,10894.84296478424
2014-10-28,9978.700745473907,11173.816889538792,11097.430952853345
2014-10-29,9913.983779798476,11147.456533614555,11053.169021677837
2014-10-30,9959.03989514213,11186.8164082738,11103.160937963366
2014-10-31,10136.80675022528,11396.73686770514,11313.078359945972
2014-11-03,10117.145899893503,11439.22045646521,11338.462556092494
2014-11-04,10121.24191037929,11443.226392257387,11312.296015976197
2014-11-05,10046.694519537969,11461.069084557006,11300.707003224843
2014-11-06,10028.672073400508,11462.79853925176,11319.731269269972
2014-11-07,10060.620955189645,11462.320855436366,11314.515401726381
2014-11-10,10132.710739739494,11500.794683533852,11365.145864484977
2014-11-11,10163.840419431473,11514.29622861392,11388.150245905039
2014-11-12,10196.608503317766,11546.077345811756,11424.58213237853
2014-11-13,10169.574834111574,11585.726312891327,11444.083729160388
2014-11-14,10245.76062914721,11661.816703194978,11506.703475296817
2014-11-17,10144.998771196853,11625.395485615416,11447.123619726452
2014-11-18,10186.77807815188,11677.571527310492,11509.189057140811
2014-11-19,10096.665847464568,11594.070012156939,11422.62880590349
2014-11-20,10148.275579585483,11671.672162315961,11501.733012139217
2014-11-21,10206.438928483656,11702.337100559376,11529.704046672172
2014-11-24,10280.16711722782,11791.721045838201,11635.62991393631
2014-11-25,10279.347915130662,11797.02212793885,11653.09269850151
2014-11-26,10343.245678708938,11898.978653569862,11741.050314160817
2014-11-28,10344.884082903252,11926.606171307687,11758.222904179102
2014-12-01,10142.541164905382,11781.777948230836,11590.477096815508
2014-12-02,10190.874088637665,11823.042430827603,11644.535290260834
2014-12-03,10230.19578930122,11890.150739697472,11701.82234845281
2014-12-04,10231.834193495535,11898.177717099135,11703.159038231794
2014-12-08,9258.62210207258,11737.984682958395,11558.167318799007
2014-12-09,9333.98869501106,11807.613742814034,11648.983014557098
2014-12-10,9169.329073482428,11606.999822494276,11443.63836049711
2014-12-11,9235.684443352173,11664.416323976884,11505.1295002324
2014-12-12,9170.967477676742,11485.37644263467,11359.749070355521
2014-12-15,9100.516097321208,11418.756555191074,11273.410488027612
2014-12-16,8977.635782747604,11265.083660898203,11118.436172802418
2014-12-17,9163.594658802325,11492.038952658837,11359.213165730154
2014-12-18,9387.236831326287,11829.356264374288,11645.138858000457
2014-12-19,9427.377734086998,11848.832332345472,11663.270359836408
2014-12-22,9504.382731219792,11969.661898277836,11763.286990541761
2014-12-23,9502.744327025477,11999.35705703699,11762.385934341963
2014-12-24,9510.117145899892,11997.371223054048,11774.417275680764
2014-12-26,9565.822888506595,12048.243559553426,11840.013345009203
2014-12-29,9510.117145899892,11986.637313316474,11804.721387927466
2014-12-30,9452.772999098877,11904.906417285747,11725.410708074896
2014-12-31,9377.406406160399,11774.530571946822,11619.812484728023
2015-01-02,9363.479970508724,11749.748305909085,11595.927687290385
2015-01-05,9210.289178340296,11541.187187130208,11405.677268632111
2015-01-06,9123.453756041616,11393.306846577367,11239.450941239267
2015-01-07,9185.713115425573,11492.260402434282,11349.182421062796
2015-01-08,9388.875235520602,11753.240896752346,11575.770454683441
2015-01-09,9341.361513885475,11717.916593906488,11523.47454771662
2015-01-12,9237.32284754649,11571.131618772753,11399.093140207144
2015-01-13,9234.865241255016,11565.977043733552,11399.871668424916
2015-01-14,9179.978700745472,11500.973747720067,11348.57311256961
2015-01-15,9022.691898091258,11320.392723340809,11157.074908262708
2015-01-16,9111.984926681413,11441.458893282012,11303.481854599033
2015-01-20,9178.340296551158,11520.846434848163,11361.427172811726
2015-01-21,9249.610879003849,11541.303799951353,11391.159256231225
2015-01-22,9407.716883755222,11760.563936612012,11613.47831130815
2015-01-23,9461.784222167607,11792.197836645873,11656.46642923821
2015-01-26,9462.603424264766,11760.733608078493,11655.304868380497
2015-01-27,9295.486196444663,11420.124799022897,11377.596709749028
2015-01-28,9287.29417547309,11395.760272312567,11298.573366487743
2015-01-29,9359.383960022937,11515.220055857644,11407.716235522736
2015-01-30,9248.79167690669,11352.70302830521,11302.497414487483
2015-02-02,9306.135823707707,11463.592885755887,11394.013950596875
2015-02-03,9429.83534037847,11602.959807160556,11533.256518547227
2015-02-04,9452.772999098877,11615.540806531293,11530.79196386793
2015-02-05,9521.585975260095,11726.984834446395,11657.452350483401
2015-02-06,9487.179487179486,11674.375425788838,11600.282880300434
2015-02-09,9451.953797001719,11647.873382893005,11558.667573136465
2015-02-10,9551.896452854919,11821.964726518976,11721.74787244046
2015-02-11,9589.579749324157,11871.971426524566,11761.893626955276
2015-02-12,9700.99123453756,12063.009506730461,11944.426298595043
2015-02-13,9787.826656836241,12152.079398409363,12045.462325642644
2015-02-17,9777.996231670353,12149.84435071824,12039.765313656664
2015-02-18,9796.018677807815,12171.891215764374,12066.776654318053
2015-02-19,9834.521176374212,12218.04012242686,12141.885350028924
2015-02-20,9899.238142049642,12297.115224262463,12220.551093116961
2015-02-23,9864.831653969033,12300.607589164014,12208.388543526427
2015-02-24,9873.023674940607,12331.649290591522,12229.278355847951
2015-02-25,9879.577291717866,12265.443123940602,12218.292334127795
2015-02-26,9959.859097239289,12339.053750160925,12288.473081301412
2015-02-27,9900.057344146802,12268.008643662712,12220.67439684198
2015-03-02,9988.531170639797,12393.781034213749,12357.570486395389
2015-03-03,9922.17580077005,12293.388197374885,12260.47811709273
2015-03-04,9913.16457770132,12248.761008141784,12222.807034590307
2015-03-05,9927.91021545015,12247.59293790754,12251.738845751754
2015-03-06,9842.713197345785,12106.582801607714,12102.272915434698
2015-03-09,9867.289260260506,12161.503416451984,12147.20401333885
2015-03-10,9678.053575817154,11905.801302472093,11912.446655390579
2015-03-11,9655.935119193906,11847.204922611014,11875.684100150502
2015-03-12,9756.69697714426,11921.492782214817,11966.276685800345
2015-03-13,9679.691980011468,11860.233647002062,11903.766686868123
2015-03-16,9787.826656836241,12005.09578285395,12037.581804773961
2015-03-17,9827.148357499795,12011.30956187923,12050.028308992
2015-03-18,9945.113459490456,12158.530319399935,12179.186045444352
2015-03-19,9948.390267879086,12144.91396365285,12201.981241163285
2015-03-20,10030.310477594821,12213.074504593118,12288.009946240294
2015-03-23,10074.54739084132,12218.966386613332,12261.979736585641
2015-03-24,10071.270582452691,12181.472876567099,12230.180416742929
2015-03-25,9852.543622511672,11851.28948611892,11890.766873406383
2015-03-26,9828.78676169411,11858.239496212302,11881.099865253605
2015-03-27,9848.447612025886,11892.758661147505,11940.577899825732
2015-03-30,9947.571065781927,12029.536312052498,12066.125941040033
2015-03-31,9872.20447284345,11923.559949834462,11970.311220911808
2015-04-01,9837.797984762841,11868.324415280375,11915.525053379777
2015-04-02,9853.36282460883,11867.020855332918,11917.639224830145
2015-04-06,9950.847874170557,11977.42548681868,12013.445437388576
2015-04-07,9929.548619644465,11963.785342637073,11999.851790118306
2015-04-08,10012.28803145736,12008.288247789957,12087.903158392764
2015-04-09,10048.332923732285,12053.43935281635,12122.83667519014
2015-04-13,9922.995002867206,12055.546888688514,12095.636227188821
2015-04-14,9930.367821741624,12013.339088685592,12054.860727921454
2015-04-15,9977.062341279594,12121.72020771818,12150.884253451144
2015-04-16,9999.180797902842,12094.661718802114,12149.09164326922
2015-04-17,9838.617186859998,11907.999414072889,11946.942313155161
2015-04-20,9951.667076267715,12108.804093752233,12136.198671166057
2015-04-21,9994.265585319898,12114.663397129427,12171.451465332177
2015-04-22,10081.920209715736,12233.522756713923,12260.533331900615
2015-04-23,10100.761857950356,12257.597185025352,12290.202690181268
2015-04-24,10099.123453756041,12333.490737061453,12406.741221217662
2015-04-27,10143.360367002539,12361.24401825975,12376.483826877375
2015-04-28,10082.739411812894,12373.541057314758,12365.751268742324
2015-04-29,10038.502498566395,12314.448961337856,12297.930727863604
2015-04-30,9873.842877037765,12114.301594514398,12086.484490959461
2015-05-01,9961.497501433603,12268.587484810241,12225.2670890852
2015-05-04,9974.604734988121,12274.983749424802,12235.429982365922
2015-05-05,9834.521176374212,12083.647044210164,12049.86677599013
2015-05-06,9798.476284099286,12003.095198104964,11991.732359660034
2015-05-07,9884.49250430081,12087.134626678815,12080.471671173242
2015-05-08,10010.649627263045,12259.63229044017,12229.157037512201
2015-05-11,9980.339149668223,12205.624157337947,12197.761293216025
2015-05-12,9920.537396575735,12143.271173743293,12142.323675493555
2015-05-13,9976.243139182438,12199.381484671369,12178.499152416845
2015-05-14,10158.92520684853,12400.829447302207,12367.108976669957
2015-05-15,10130.25313344802,12362.858608491842,12338.814526238446
2015-05-18,10167.117227820103,12427.701173875159,12411.598022985803
2015-05-19,10156.467600557056,12397.388451862718,12377.885976024336
2015-05-20,10158.92520684853,12394.451801360618,12380.283879591489
2015-05-21,10242.48382075858,12435.8148644781,12420.957063008635
2015-05-22,10313.754403211271,12438.031202043652,12418.326608314477
2015-05-26,10167.117227820103,12268.582508713018,12266.080820697745
2015-05-27,10285.901531907919,12477.138581460329,12471.029971966285
2015-05-28,10252.314245924468,12469.944828675929,12451.076032080015
2015-05-29,10176.128450888833,12377.335328759438,12367.679539719973
2015-06-01,10224.461374621118,12417.940265981026,12410.45079121497
2015-06-02,10231.014991398379,12389.304494113148,12396.328445705272
2015-06-03,10281.805521422135,12432.695755284542,12456.677533854143
2015-06-04,10190.054886540509,12314.177546166698,12343.518443578392
2015-06-05,10222.003768329647,12313.273564136669,12362.851610532187
2015-06-08,10123.699516670762,12161.572317914972,12212.342602973546
2015-06-09,10073.728188744162,12138.70530597304,12186.833965163178
2015-06-10,10207.258130580814,12326.148879484928,12369.368301435976
2015-06-11,10196.608503317766,12318.558050280628,12371.651400582938
2015-06-12,10182.682067666092,12232.175294140028,12295.536072805417
2015-06-15,10103.219464241827,12165.834805141405,12228.267059219866
2015-06-16,10131.891537642336,12241.999761589534,12301.014105706401
2015-06-17,10193.331694929138,12263.995988794388,12325.05970166328
2015-06-18,10265.421479478988,12366.93258501668,12464.32323919566
2015-06-19,10192.51249283198,12286.711635928066,12394.56428756845
2015-06-22,10249.856639632997,12360.122529675102,12476.012311094233
2015-06-23,10305.562382239697,12361.294580787127,12495.880447857886
2015-06-24,10247.399033341524,12293.404954718515,12409.24636148671
2015-06-25,10222.822970426803,12260.526121231858,12382.364783997471
2015-06-26,10070.451380355531,12140.856448595592,12266.938780966972
2015-06-29,9828.78676169411,11865.8646846955,11970.236337618882
2015-06-30,9896.780535758171,11892.979481513898,12027.448945529402
2015-07-01,9919.718194478577,11956.919759430026,12083.008081284053
2015-07-02,9913.16457770132,11967.666101341318,12084.82166133902
2015-07-06,9763.250593921519,11906.927261474899,12037.275985238439
2015-07-07,9681.330384205783,11912.009341501978,12040.916267549766
2015-07-08,9481.445072499386,11715.905276926189,11841.999695844428
2015-07-09,9551.896452854919,11688.749035942355,11851.666566067133
2015-07-10,9689.522405177357,11865.499202458304,12034.998175935281
2015-07-13,9844.3516015401,12039.937194465916,12224.134597638382
2015-07-14,9891.046121078069,12097.176530748602,12301.672942501145
2015-07-15,9829.605963791266,12094.699031461958,12273.874615042105
2015-07-16,9955.7630867535,12236.321878647837,12443.660228790679
2015-07-17,10179.405259277462,12411.253962142773,12617.095939335957
2015-07-20,10199.885311706397,12461.050305035056,12651.508426166078
2015-07-21,10206.438928483656,12403.436481124087,12615.782822200525
2015-07-22,10062.25935938396,12226.089252875418,12490.958836380289
2015-07-23,10040.960104857868,12199.709256160942,12442.478349752844
2015-07-24,9972.966330793806,12123.004939189646,12378.041174912218
2015-07-27,9804.210698779389,11996.166033824287,12251.615595754043
2015-07-28,9903.33415253543,12117.322397545036,12369.753052263513
2015-07-29,9923.814204964365,12186.653311173177,12431.800055806034
2015-07-30,9904.972556729745,12207.106706157712,12477.522661465315
2015-07-31,9870.566068649136,12150.503029983527,12463.691936276982
2015-08-03,9804.210698779389,12083.44411089596,12418.633819393885
2015-08-04,9760.792987630046,12004.42045921589,12387.013592212837
2015-08-05,9853.36282460883,12124.955623097698,12505.788138498934
2015-08-06,9763.250593921519,11984.938597453665,12322.17776501564
2015-08-07,9749.324158269845,11993.282915369202,12301.143523449982
2015-08-10,9900.057344146802,12182.191016159557,12452.952359393925
2015-08-11,9742.770541492586,11978.59104479627,12297.1263304138
2015-08-12,9738.674531006798,12032.094580121568,12325.790152700361
2015-08-13,9726.386499549439,12003.074180146197,12301.830230171012
2015-08-14,9769.80421069878,12066.785068049576,12354.047997672964
2015-08-17,9813.221921848119,12145.44885375786,12458.055625147013
2015-08-18,9739.493733103956,12062.261074809921,12368.928111120698
2015-08-19,9653.477512902433,11961.666719482335,12276.608517136758
2015-08-20,9328.254280330957,11654.906469602012,11921.959299261242
2015-08-21,9000.57344146801,11205.278691922553,11497.108984669647
2015-08-24,8646.678135496026,10813.55037151437,11066.337813116319
2015-08-25,8639.30531662161,10697.51584280286,10994.488730290195
2015-08-26,9012.86147292537,11227.159473671773,11514.350983901273
2015-08-27,9256.16449578111,11491.766477713461,11789.924372458625
2015-08-28,9280.74055869583,11527.446649514633,11836.039527191791
2015-08-31,9174.244286065372,11427.071097216727,11716.232416740173
2015-09-01,8888.34275415745,11055.490488795624,11357.54229566262
2015-09-02,9075.940034406487,11326.057802918835,11631.969531255725
2015-09-03,9084.13205537806,11330.690420326247,11615.27041616883
2015-09-04,8942.410092569837,11167.962352455806,11478.671300973621
2015-09-08,9175.882690259687,11482.918514203924,11792.98647950923
2015-09-09,9118.538543458671,11335.6075736628,11665.408666198113
2015-09-10,9181.617104939789,11445.447539153667,11769.507296775044
2015-09-11,9180.797902842633,11508.991445372847,11835.494158704185
2015-09-14,9133.284181207502,11473.79476193724,11784.767896087753
2015-09-15,9232.407634963545,11619.794917775695,11926.52382852972
2015-09-16,9351.191939051363,11683.419210828219,11997.675402370285
2015-09-17,9314.327844679281,11613.914973009254,11990.283589130797
2015-09-18,9207.012369951668,11465.915970021171,11832.016143803554
2015-09-21,9262.718112558368,11564.69310843764,11889.864775212003
2015-09-22,9102.154501515522,11382.459341954373,11696.383930860571
2015-09-23,9080.855246989433,11398.161543169284,11695.70851098951
2015-09-24,9066.928811337757,11387.777256712556,11672.591908494498
2015-09-25,9022.691898091258,11364.141773972065,11583.839481415256
2015-09-28,8798.23052347014,11093.779243733272,11253.848810939919
2015-09-29,8773.654460555419,11037.729791819153,11184.521342588663
2015-09-30,8985.00860162202,11283.53219437992,11453.304584612146
2015-10-01,8974.358974358975,11271.931803556923,11467.53994268907
2015-10-02,9181.617104939789,11450.288308052915,11666.083911969234
2015-10-05,9344.638322274104,11677.256946513242,11888.747436648775
2015-10-06,9351.191939051363,11694.667874960624,11851.18952967607
2015-10-07,9423.281723601212,11763.170158119641,11947.813990214816
2015-10-08,9451.134594904564,11814.520571142624,12004.35039617516
2015-10-09,9506.840337511263,11875.542349207508,12063.612413557685
2015-10-12,9535.512410911771,11886.259544637967,12091.238551500892
2015-10-13,9497.829114442533,11836.226942028981,12006.670841440771
2015-10-14,9483.0834766937,11823.126088436205,11990.127686276333
2015-10-15,9641.189481445072,11965.316936947009,12166.324602394308
2015-10-16,9701.810436634718,11997.741815877584,12203.816233104251
2015-10-19,9723.928893257966,12030.541903298088,12258.091677701808
2015-10-20,9664.127140165478,11986.476760211937,12181.663770896605
2015-10-21,9547.800442369133,11874.829449310937,12052.586033317737
2015-10-22,9711.640861800606,12148.700606874974,12286.706391164642
2015-10-23,9927.091013352994,12471.198396329853,12608.289990891204
2015-10-26,9902.514950438272,12422.666853622317,12615.302693382524
2015-10-27,9858.278037191774,12344.152754298138,12552.283265451237
2015-10-28,10022.937658720406,12559.091782617266,12750.427607726206
2015-10-29,9958.220693044974,12497.47965113668,12691.997620777307
2015-10-30,9968.870320308019,12433.371008988262,12652.14543596489
2015-11-02,10071.270582452691,12561.111464820471,12799.565219458062
2015-11-03,10093.389039075939,12640.248539239894,12862.56801027962
2015-11-04,10148.275579585483,12657.569160936871,12900.178322006725
2015-11-05,10154.009994265585,12610.3625996029,12872.945148419309
2015-11-06,10210.534938969444,12683.322949437794,12940.010891524631
2015-11-09,10090.11223068731,12554.733388513716,12787.98053812242
2015-11-10,10025.395265011877,12467.876956333324,12743.668225202357
2015-11-11,9999.180797902842,12457.205697004714,12732.046190772831
2015-11-12,9925.45260915868,12333.618442544735,12589.90024862548
2015-11-13,9704.268042926189,12095.156805508885,12347.562367354714
2015-11-16,9814.860326042433,12261.75755735715,12492.89585070641
2015-11-17,9826.329155402636,12255.04565217112,12496.65585470946
2015-11-18,9952.486278364871,12449.61992997067,12709.72283002882
2015-11-19,9981.15835176538,12500.50248226316,12734.135947183197
2015-11-20,10073.728188744162,12595.120722348522,12842.126299918882
2015-11-23,10049.9713279266,12535.046984947483,12821.710980970414
2015-11-24,10054.067338412386,12543.936613184598,12816.148854933008
2015-11-25,10083.55861391005,12516.539593649824,12831.522378568909
2015-11-27,10090.931432784468,12538.654607019907,12859.594944702832
2015-11-30,10117.965101990661,12543.8869651832,12831.586010082367
2015-12-01,10252.314245924468,12673.384080168176,12968.808625909973
2015-12-02,10212.992545260915,12596.834963634676,12901.754369915294
2015-12-03,10089.293028590153,12425.956737093087,12704.099750163077
2015-12-07,9890.226918980912,12615.724078074956,12597.625043739947
2015-12-08,9862.374047677562,12587.57734090371,12603.140390766599
2015-12-09,9732.940116326698,12399.43982508079,12398.56485793668
2015-12-10,9773.900221184564,12429.7268327746,12436.74073998204
2015-12-11,9546.162038174818,12172.41258164406,12161.247575815172
2015-12-14,9575.653313672483,12229.534670316983,12221.245111084738
2015-12-15,9657.573523388219,12292.665781028594,12298.336119253188
2015-12-16,9805.029900876545,12452.845807382208,12463.827919996435
2015-12-17,9693.618415663144,12260.846280637566,12290.344165975248
2015-12-18,9569.099696895222,12023.167332589426,12079.399166467641
2015-12-21,9641.189481445072,12139.032216732283,12180.369209420785
2015-12-22,9697.714426148928,12221.612841884367,12253.435264263682
2015-12-23,9773.081019087409,12327.49034384433,12347.286084185302
2015-12-24,9768.165806504465,12318.705875335394,12350.454795089103
2015-12-28,9742.770541492586,12318.735436042696,12358.563885139383
2015-12-29,9850.905218317359,12473.224329587085,12527.774936477646
2015-12-30,9763.250593921519,12375.535998900512,12426.865082008206
2015-12-31,9673.957565331366,12203.802061161765,12259.439804613758
2016-01-04,9446.219382321618,12003.518112573487,11991.40438276013
2016-01-05,9430.654542475628,11949.618318522103,11943.09589434237
2016-01-06,9301.220611124763,11787.726100496435,11811.155451009252
2016-01-07,8999.754239370852,11419.458383943764,11437.159788023271
2016-01-08,8927.664454821004,11313.910283481433,11320.811582262008
2016-01-11,8889.981158351764,11368.912812955383,11353.749436638744
2016-01-12,8989.104612107807,11499.815414497689,11473.961798487439
2016-01-13,8725.321536823134,11175.704153760147,11081.385640090033
2016-01-14,8885.885147865978,11394.576951012776,11289.551075890451
2016-01-15,8625.378880969934,11052.276602433507,10959.92962632235
2016-01-19,8608.994839026787,11022.938695177758,10924.870979070443
2016-01-20,8543.458671254199,10964.218138827753,10907.28291819447
2016-01-21,8599.164413860899,10999.059625753625,10922.972151503853
2016-01-22,8816.252969607602,11305.578795827389,11226.99153133695
2016-01-25,8681.084623576637,11137.705620951387,11062.730492719704
2016-01-26,8726.959941017449,11247.98556488959,11172.228616734748
2016-01-27,8530.35143769968,10977.992271824058,10891.471397793137
2016-01-28,8596.706807569426,11100.40829824539,11035.085314557324
2016-01-29,8885.06594576882,11498.182388497824,11330.919702996824
2016-02-01,8927.664454821004,11522.518091501195,11358.020360081142
2016-02-02,8736.790366183335,11273.434983006808,11092.739263555897
2016-02-03,8680.265421479478,11246.18305032844,11032.196664342755
2016-02-04,8744.98238715491,11273.074261684258,11062.37732098929
2016-02-05,8373.064635045464,10850.013345274108,10593.020745703492
2016-02-08,8148.603260424345,10649.619433006494,10358.946774644108
2016-02-09,8094.53592201196,10600.91583030581,10312.927293821356
2016-02-10,8137.953633161301,10643.943992387112,10381.511803647025
2016-02-11,8089.620709429016,10618.115035230481,10384.951427398406
2016-02-12,8177.275333824854,10763.663990849911,10529.848932136721
2016-02-16,8456.623248955517,10989.997603990356,10777.947244821838
2016-02-17,8670.43499631359,11245.259917048545,11052.095372567588
2016-02-18,8598.34521176374,11180.060223891809,10959.406055516949
2016-02-19,8654.050954370443,11221.165950158607,11025.372951910895
2016-02-22,8793.315310887196,11377.984399584451,11196.72916430631
2016-02-23,8657.327762759072,11184.291073899016,11021.791388429168
2016-02-24,8732.69435569755,11288.805749248677,11127.36243337246
2016-02-25,8817.072171704758,11426.92576827992,11249.761452581759
2016-02-26,8844.92504300811,11413.20984217224,11260.038966432616
2016-02-29,8829.36020316212,11349.974518535819,11198.756033290854
2016-03-01,9087.40886376669,11688.73198810224,11540.833359555376
2016-03-02,9123.453756041616,11715.07951376498,11562.402871581227
2016-03-03,9135.741787498975,11721.255980130414,11570.929087468125
2016-03-04,9203.735561563037,11762.358457140215,11600.26162629262
2016-03-07,9154.583435733595,11692.139791628344,11540.180428055603
2016-03-08,9015.319079216844,11576.581123059837,11403.64542741326
2016-03-09,9082.493651183746,11685.19935178033,11490.981888971623
2016-03-10,9066.109609240599,11656.65277309299,11454.166316011873
2016-03-11,9258.62210207258,11865.789521419354,11678.361223659058
2016-03-14,9249.610879003849,11869.701616087206,11688.322253482635
2016-03-15,9196.362742688621,11889.925050825144,11665.151960791727
2016-03-16,9315.966248873596,12019.77183212749,11779.520988791908
2016-03-17,9377.406406160399,12084.061878572707,11821.319872406451
2016-03-18,9448.67698861309,12128.304579566995,11857.45595014459
2016-03-21,9477.3490620136,12161.701099311167,11889.812292285427
2016-03-22,9482.264274596542,12173.76262640895,11909.165639233104
2016-03-23,9364.29917260588,12078.919402174219,11797.64964550166
2016-03-24,9370.033587285983,12100.116285259459,11832.915705007625
2016-03-28,9356.926353731465,12069.645366391758,11808.807341091833
2016-03-29,9536.331613008928,12273.864665505516,12042.592409735807
2016-03-30,9606.782993364463,12354.07355898993,12104.856229003692
2016-03-31,9601.867780781518,12347.790044669156,12107.02554550812
2016-04-01,9646.104694028016,12442.858586586255,12211.17668286547
2016-04-04,9635.455066764971,12377.814825488089,12134.915334647709
2016-04-05,9560.90767592365,12245.074177360659,12011.204656248168
2016-04-06,9674.776767428524,12376.451466300894,12178.267374873585
2016-04-08,9579.74932415827,12204.006640622729,12183.137676095022
2016-04-11,9559.269271729336,12172.7479490788,12138.52765569989
2016-04-12,9573.19570738101,12229.274864246163,12210.622526335537
2016-04-13,9759.973785532891,12420.526518544979,12416.80892714934
2016-04-14,9740.312935201113,12404.158542419116,12406.820651361644
2016-04-15,9696.895224051774,12351.254742470135,12381.13220406853
2016-04-18,9728.84410584091,12403.749361978935,12446.82040252068
2016-04-19,9675.59596952568,12326.98895228789,12343.821280930339
2016-04-20,9718.194478577865,12362.728320817569,12380.140884066384
2016-04-21,9720.652084869336,12352.20211606797,12378.630410036423
2016-04-22,9636.274268862127,12167.54865909891,12229.924488276714
2016-04-25,9598.590972392889,12141.751791044928,12203.355519285364
2016-04-26,9596.952568198574,12116.153224500054,12181.303992884908
2016-04-27,9534.693208814613,12035.127406479014,12111.675718026121
2016-04-28,9462.603424264766,11867.918064491154,11960.688255320147
2016-04-29,9377.406406160399,11761.15644723311,11916.671863678132
2016-05-02,9416.728106823952,11837.418434887355,12027.692488279741
2016-05-03,9320.062259359383,11729.36136468566,11888.141417984982
2016-05-04,9255.345293683951,11673.385607426559,11815.345471313225
2016-05-05,9262.718112558368,11665.84325347858,11790.627077028534
2016-05-06,9284.01736708446,11739.43776790302,11875.729499329525
2016-05-09,9281.559760792987,11742.5443480907,11906.407737055077
2016-05-10,9396.248054395019,11899.923961414903,12075.604263458566
2016-05-11,9345.457524371262,11821.583363807178,11982.087125744996
2016-05-12,9261.079708364054,11762.590730599575,11925.717586043485
2016-05-13,9222.577209797655,11729.080234020894,11892.988071970165
2016-05-16,9351.191939051363,11888.606116082152,12038.040271910442
2016-05-17,9267.633325141313,11758.282581629088,11884.785048711072
2016-05-18,9311.870238387812,11824.127306095803,11947.040968813357
2016-05-19,9256.16449578111,11753.758577630304,11871.36488602532
2016-05-20,9373.310395674613,11907.260826755508,12039.05966495484
2016-05-23,9405.25927746375,11902.14562474938,12029.571578406176
2016-05-24,9592.03735561563,12156.37803093013,12292.760366122973
2016-05-25,9619.071024821824,12241.579558421552,12365.635249733945
2016-05-26,9682.968788400098,12271.990376793898,12400.535593199402
2016-05-27,9750.96256246416,12345.620923541816,12478.977911010608
2016-05-31,9809.94511345949,12367.647771228192,12518.903073304225
2016-06-01,9815.679528139592,12356.722892328013,12524.402917979736
2016-06-02,9844.3516015401,12359.614962378533,12559.590761624646
2016-06-03,9807.487507168018,12309.654462073457,12499.968756313141
2016-06-06,9843.532399442942,12357.12533217379,12557.195398614642
2016-06-07,9889.407716883754,12378.426917724217,12560.696053558353
2016-06-08,9897.59973785533,12419.97362303736,12602.536374700072
2016-06-09,9871.385270746292,12405.94093202922,12573.380987358374
2016-06-10,9707.544851314819,12257.963458058535,12400.274864724037
2016-06-13,9615.794216433194,12148.005357329752,12285.819704362842
2016-06-14,9630.539854182027,12166.898135253505,12300.807426575444
2016-06-15,9651.839108708118,12141.202817239877,12278.951028519263
2016-06-16,9630.539854182027,12163.265643454084,12296.312907163274
2016-06-17,9528.958794134513,12056.143902005155,12180.063613140534
2016-06-20,9626.44384369624,12134.006966425295,12279.689568381586
2016-06-21,9675.59596952568,12201.266661621674,12314.540964860966
2016-06-22,9625.624641599083,12143.5529660945,12260.243504352431
2016-06-23,9792.741869419186,12334.608954870844,12464.010429474502
2016-06-24,9370.85278938314,11798.948646842862,11921.067013861912
2016-06-27,9106.25051200131,11493.084202054424,11602.059248997215
2016-06-28,9306.135823707707,11724.047710542614,11848.673149386485
2016-06-29,9474.891455722127,11923.371369198527,12062.781704054643
2016-06-30,9583.845334644056,12062.679502721596,12194.290447176865
2016-07-01,9583.845334644056,12075.630126594244,12241.502878133917
2016-07-05,9487.179487179486,11978.271536317876,12150.801608492367
2016-07-06,9499.467518636848,12039.512418668051,12226.289278396083
2016-07-07,9545.342836077658,12077.420386507309,12275.986537074225
2016-07-08,9719.83288277218,12295.111175073895,12502.914368141002
2016-07-11,9849.266814123044,12373.360390018302,12593.994464713525
2016-07-12,9939.379044810354,12499.093730310138,12702.897892268931
2016-07-13,9883.673302203653,12482.392597750573,12663.359836211446
2016-07-14,9968.05111821086,12574.360611490134,12734.97784350529
2016-07-15,9968.05111821086,12557.170836942149,12716.376305004711
2016-07-18,10068.812976161218,12640.578656219619,12794.095504210803
2016-07-19,10040.960104857868,12624.201895264818,12752.649487382405
2016-07-20,10181.043663471779,12794.97422507788,12926.471017059679
2016-07-21,10119.603506184974,12720.538492003227,12859.643225469677
2016-07-22,10158.92520684853,12794.378481338475,12934.674897979437
2016-07-25,10138.445154419594,12785.647555635685,12933.452369081584
2016-07-26,10202.34291799787,12843.89166547015,12990.380123268678
2016-07-27,10308.01998853117,12928.428300299209,13065.605586603753
2016-07-28,10363.72573113787,12971.09519772194,13122.846448105376
2016-07-29,10389.12099614975,12982.292013611037,13140.856240622783
2016-08-01,10476.775620545588,13033.052864014304,13208.58269373452
2016-08-02,10360.448922749241,12907.948905879117,13070.905513399783
2016-08-03,10397.313017121323,12962.562557389565,13124.424339195522
2016-08-04,10451.380355533709,13024.795496000881,13177.234475184337
2016-08-05,10566.068649135741,13179.820344804064,13326.652555366465
2016-08-08,10580.814286884573,13174.975589647469,13307.653245557647
2016-08-09,10633.243221102646,13202.10032790119,13340.133136927103
2016-08-10,10610.305562382238,13159.572443806468,13296.308098093816
2016-08-11,10654.542475628738,13206.749659615718,13350.069114516944
2016-08-12,10684.033751126402,13201.917799275396,13355.849835227284
2016-08-15,10739.739493733103,13275.289675040618,13428.395587515124
2016-08-16,10683.214549029244,13195.366307325221,13339.421437219933
2016-08-17,10688.129761612188,13178.869700430969,13323.405072775744
2016-08-18,10703.694601458179,13200.007123189034,13350.178852511488
2016-08-19,10735.643483247317,13234.652449672492,13371.03029344613
2016-08-22,10711.886622429753,13227.087275611617,13381.293552042023
2016-08-23,10743.83550421889,13284.773632191658,13443.11562915685
2016-08-24,10666.830507086099,13212.98587142525,13343.38638016461
2016-08-25,10694.683378389447,13235.515369486175,13363.49160165034
2016-08-26,10716.801835012699,13248.503311398234,13393.24765975054
2016-08-29,10747.931514704676,13287.32379863649,13424.62166227121
2016-08-30,10734.824281150159,13264.328414145268,13398.225222510013
2016-08-31,10721.717047595641,13240.313752796192,13373.825455346396
2016-09-01,10761.038748259194,13297.333344625398,13429.786082328012
2016-09-02,10817.563692963053,13357.059809615304,13490.040730180177
2016-09-06,10911.77193413615,13411.438783001035,13565.430183070994
2016-09-07,10934.709592856558,13439.442197813056,13597.011354319813
2016-09-08,10862.619808306708,13329.092072075498,13500.414624687553
2016-09-09,10589.006307856147,13010.945355136793,13153.354085255261
2016-09-12,10712.70582452691,13220.942785377978,13358.725457759134
2016-09-13,10611.124764479397,13121.430368076333,13232.51687969043
2016-09-14,10685.672155320717,13188.075157524318,13295.040723769644
2016-09-15,10868.35422298681,13407.751607927776,13506.532097174662
2016-09-16,10842.139755877773,13362.765811541,13485.366051487865
2016-09-19,10849.51257475219,13350.562430705122,13473.275653101968
2016-09-20,10857.704595723764,13343.564832983573,13478.129849254305
2016-09-21,11010.076185795035,13495.050342527393,13628.336593583575
2016-09-22,11099.369214385188,13583.151406904959,13746.084926752621
2016-09-23,11004.341771114934,13463.665634683455,13643.084757991053
2016-09-26,10899.48390267879,13377.332160733864,13542.096803712337
2016-09-27,11020.725813058081,13527.32764386317,13694.036401331152
2016-09-28,11060.866715818793,13575.251328051894,13738.824366051238
2016-09-29,10987.138527074629,13489.863237261248,13646.797073501551
2016-09-30,11067.420332596052,13572.197682779568,13741.454260524673
2016-10-03,11047.759482264273,13523.98168381134,13706.26107642088
2016-10-04,11041.205865487014,13497.98544909446,13680.635517562603
2016-10-05,11091.177193413614,13563.259573906564,13752.217309660518
2016-10-06,11096.911608093716,13582.39342625731,13746.718700862999
2016-10-07,11073.97394937331,13539.550751562314,13697.10396705766
2016-10-10,11144.425329728843,13623.763654954795,13780.715466932928
2016-10-11,10961.74326206275,13447.595923135508,13575.62799022781
2016-10-12,10955.18964528549,13449.766087898375,13569.719126095113
2016-10-13,10874.088637666911,13361.601555418034,13483.082581233064
2016-10-14,10900.303104775947,13414.472927351802,13506.463120597731
2016-10-17,10874.90783976407,13378.2490322006,13460.610882036352
2016-10-18,10994.511345949046,13464.880248910345,13577.473880757268
2016-10-19,11022.364217252396,13474.906304782915,13595.446372223449
2016-10-20,11007.618579503564,13439.990434617761,13566.364210672184
2016-10-21,11013.352994183664,13508.721376168747,13642.327609684298
2016-10-24,11122.306873105594,13670.75709407927,13812.753729421427
2016-10-25,11089.5387892193,13614.07144947976,13728.717200731318
2016-10-26,10997.788154337675,13545.04761753586,13626.809484413594
2016-10-27,10933.071188662243,13477.597706315917,13536.26123198409
2016-10-28,10933.071188662243,13479.879674569203,13494.199973242201
2016-10-31,10925.698369787826,13486.237373085374,13509.520432468209
2016-11-01,10836.405341197673,13378.743570191784,13400.342350843892
2016-11-02,10715.163430818382,13272.008576398788,13259.848696551308
2016-11-03,10628.328008519702,13160.204548022786,13148.448545216621
2016-11-04,10598.017530924879,13115.556206341806,13115.239326812793
2016-11-07,10808.552469894323,13422.090579065041,13438.771527730616
2016-11-08,10845.416564266405,13480.189661218312,13511.8552574565
2016-11-09,10779.061194396658,13473.919708779811,13531.71503975952
2016-11-10,10596.379126730564,13274.34094579251,13328.614958201944
2016-11-11,10621.774391742441,13364.752769852932,13436.47530442873
2016-11-14,10474.318014254115,13176.591352624639,13273.137013148058
2016-11-15,10617.678381256655,13340.60662656625,13437.669670404077
2016-11-16,10703.694601458179,13459.181170484248,13548.294053510946
2016-11-17,10790.53002375686,13557.394912483063,13662.298451565634
2016-11-18,10770.049971327926,13535.70174842772,13648.13477687282
2016-11-21,10861.800606209552,13666.41600065537,13788.258331983341
2016-11-22,10889.653477512902,13682.895667300796,13821.941913756284
2016-11-23,10869.173425083967,13632.016272812705,13782.213682778158
2016-11-25,10875.727041861226,13681.400175248677,13824.392022812932
2016-11-28,10856.885393626608,13653.963502943472,13761.591356571542
2016-11-29,10851.970181043664,13670.446972941047,13779.730286772241
2016-11-30,10739.739493733103,13515.1661967331,13601.562528124672
2016-12-01,10515.278119111985,13198.45662508921,13293.621157465732
2016-12-05,10466.125993282541,13398.954050938242,13472.478578863329
2016-12-06,10532.481363152288,13438.187747910542,13531.430269147671
2016-12-07,10719.25944130417,13680.863859559058,13732.780365597879
2016-12-08,10774.96518391087,13749.053078958032,13810.962728120157
2016-12-09,10817.563692963053,13822.11377919038,13867.902235512252
2016-12-12,10732.366674858687,13756.589337859356,13770.802323483662
2016-12-13,10801.998853117064,13915.120581468485,13920.420811532915
2016-12-14,10743.83550421889,13870.670132449704,13864.658075343397
2016-12-15,10792.168427951176,13928.015532227417,13907.01034956753
2016-12-16,10747.931514704676,13828.088565680155,13815.856652501672
2016-12-19,10746.293110510362,13909.100525942868,13893.802320376126
2016-12-20,10777.422790202343,13957.138316075647,13958.40725175204
2016-12-21,10770.049971327926,13924.563820695308,13902.460265845933
2016-12-22,10715.163430818382,13865.82946038262,13825.059554795733
2016-12-23,10751.208323093306,13885.657911351274,13854.929729479802
2016-12-27,10821.65970344884,13953.059481804008,13935.714969837076
2016-12-28,10752.84672728762,13820.336155874485,13806.26212550946
2016-12-29,10743.016302121732,13820.251094199533,13800.374220266447
2016-12-30,10660.276890308838,13690.221827307909,13659.229991193353
2017-01-03,10767.592365036453,13805.51494443064,13772.10400849422
2017-01-04,10873.269435569755,13880.331464603683,13889.10235454126
2017-01-05,10926.517571884984,13894.6702151788,13925.708724428883
2017-01-06,11010.076185795035,14016.368258015045,14046.900731078329
2017-01-09,11053.493896944376,14040.026195058043,14078.697603345829
2017-01-10,11087.081182927828,14041.47014012247,14107.579017681226
2017-01-11,11170.639796837879,14131.808161936584,14169.672911798432
2017-01-12,11163.266977963463,14088.254222732648,14139.51614616319
2017-01-13,11209.961497501434,14142.344130595873,14214.68119070432
2017-01-17,11155.894159089046,14064.760023496408,14120.145202941672
2017-01-18,11191.119849266814,14115.578908642241,14174.67540494735
2017-01-19,11182.108626198082,14078.735852507067,14137.889715980486
2017-01-20,11228.803145736052,14150.235785050823,14190.97056035513
2017-01-23,11300.073728188743,14153.262344215551,14203.584743185917
2017-01-24,11402.473990333414,14312.351367976924,14363.129680570892
2017-01-25,11544.19595314164,14464.37618962783,14518.359460236998
2017-01-26,11518.80068812976,14425.94760904793,14486.329985725566
2017-01-27,11512.247071352502,14469.892717909872,14518.835705609206
2017-01-30,11428.688457442451,14353.958249099329,14394.669353720696
2017-01-31,11425.411649053822,14283.603496742577,14356.51801189294
2017-02-01,11526.173507004178,14379.406010310659,14441.030620850017
2017-02-02,11560.579995084787,14391.04240117975,14446.858221818045
2017-02-03,11614.647333497172,14507.630653851824,14526.976959612994
2017-02-06,11634.308183828949,14518.526881191108,14522.195568963401
2017-02-07,11676.906692881133,14572.770268031463,14572.205531433367
2017-02-08,11727.69722290489,14592.570427870054,14604.827749844042
2017-02-09,11862.046366838698,14654.210958071999,14680.213602677048
2017-02-10,11886.622429753419,14686.000392076654,14730.872320792996
2017-02-13,11948.062587040222,14773.226723116748,14802.628487546977
2017-02-14,11961.989022691898,14814.870454256441,14831.886927692165
2017-02-15,11989.841893995248,14877.958915780158,14913.872326406099
2017-02-16,12014.417956909969,14901.296666519624,14917.85972689967
2017-02-17,12057.83566805931,14946.2406798284,14972.05394797858
2017-02-21,12151.22470713525,15031.273837707971,15056.659172286694
2017-02-22,12174.162365855656,15049.401733002733,15061.758881357868
2017-02-23,12103.710985500122,15015.814631424602,14995.003789447217
2017-02-24,12092.242156139919,15047.306564749511,15020.768361779044
2017-02-27,12097.976570820021,15043.90360821108,15050.19480184938
2017-02-28,12038.99401982469,14954.661522049919,14943.452860073956
2017-03-01,12206.93044974195,15167.396472831146,15148.169837546608
2017-03-02,12120.095027443269,15055.754423144292,15034.793318392978
2017-03-03,12131.563856803472,15078.91297520843,15054.719415562975
2017-03-06,12106.987793888751,15045.58098334125,15014.09198553534
2017-03-07,12113.54141066601,15062.117501225031,15008.23960429354
2017-03-08,12136.479069386416,15073.009037584017,15023.970580709865
2017-03-09,12137.298271483574,15064.780509416243,15014.467686917134
2017-03-10,12222.495289587941,15141.261622874039,15084.35314668383
2017-03-13,12290.489063652003,15166.340980744619,15130.801958239947
2017-03-14,12281.477840583271,15123.262525114169,15084.937162675893
2017-03-15,12360.121241910378,15222.573085014521,15192.942570044605
2017-03-16,12385.516506922257,15260.25226535226,15226.087884107994
2017-03-17,12427.295813877283,15270.10388346414,15246.618491384763
2017-03-20,12462.52150405505,15280.433750245697,15252.749721956729
2017-03-21,12247.071352502662,15033.231789407753,14976.97555795944
2017-03-22,12347.01400835586,15145.77290420262,15075.677939688729
2017-03-23,12334.7259768985,15107.23459664422,15042.247815984669
2017-03-24,12397.804538379618,15118.082047471571,15067.400768692545
2017-03-27,12423.199803391495,15134.38715800589,15100.800886516454
2017-03-28,12506.758417301548,15234.192040714843,15190.713494071175
2017-03-29,12556.729745228147,15270.249427583532,15257.511991527903
2017-03-30,12546.0801179651,15290.21125947609,15284.510145315326
2017-03-31,12516.588842467436,15277.085676024992,15296.178296001499
2017-04-03,12552.63373474236,15238.13165185546,15244.287945267819
2017-04-04,12526.419267633324,15229.277534124058,15242.670554790893
2017-04-05,12492.012779552715,15168.122246025725,15168.292963039952
2017-04-06,12514.131236175965,15178.43730824559,15192.165757873821
2017-04-07,12511.673629884492,15170.87764285883,15188.907075601288
2017-04-10,12539.526501187842,15151.794971685387,15195.794344362088
2017-04-11,12450.233472597689,15097.187226936834,15160.426940053136
2017-04-13,11943.966576554436,14961.30429983125,15088.931763488243
2017-04-17,12049.643647087736,15110.086432931337,15253.90224260201
2017-04-18,12049.643647087736,15107.847167661595,15260.985617774968
2017-04-19,12121.733431637584,15109.659392336793,15286.367593962523
2017-04-20,12208.568853936265,15259.438471722213,15432.728629826703
2017-04-21,12229.868108462357,15246.945116217421,15421.690277983776
2017-04-24,12361.759646104694,15449.914597233757,15619.721228454906
2017-04-25,12516.588842467436,15547.130424625617,15730.521414321887
2017-04-26,12495.289587941345,15509.14366230413,15718.574893339699
2017-04-27,12555.091341033833,15604.490230877243,15827.824500739298
2017-04-28,12645.203571721142,15630.109524884396,15841.513337648637
2017-05-01,12768.083886294748,15762.48782168121,15994.906462077552
2017-05-02,12797.575161792414,15801.49349505016,16017.023230454808
2017-05-03,12759.891865323174,15773.27579066313,15953.823630091543
2017-05-04,12750.880642254444,15794.14443423668,15973.252754300449
2017-05-05,12838.535266650282,15866.84744722089,16032.144082853616
2017-05-08,12914.721061685917,15919.997082511505,16061.711881358855
2017-05-09,12972.065208486933,15948.428780597495,16109.876892256378
2017-05-10,13078.561481117391,16010.230697736482,16159.90531502136
2017-05-11,13087.572704186123,15980.8681843524,16120.61052940026
2017-05-12,13144.097648889983,16022.38434987749,16163.205375993544
2017-05-15,13201.441795690993,16129.02683129861,16258.94004347773
2017-05-16,13284.18120750389,16210.295434448171,16344.105768581321
2017-05-17,12903.252232325714,15743.88715949307,15882.798102527022
2017-05-18,13003.194888178912,15825.592927577702,15989.463063160343
2017-05-19,13144.097648889983,15914.712531812776,16065.884346831326
2017-05-22,13271.07479315147,16074.802364386842,16229.175991081316
2017-05-23,13248.955517326121,16085.975741513115,16232.494591500994
2017-05-24,13325.960514458917,16167.960902663155,16326.11135863747
2017-05-25,13439.82960596379,16293.018327564827,16461.811207882234
2017-05-26,13465.22487097567,16294.137443761501,16468.948174305584
2017-05-30,13495.536167772589,16333.389060063377,16484.231983362348
2017-05-31,13452.117637421152,16289.283349680816,16460.96375416056
2017-06-01,13520.929794380274,16370.172311579245,16571.826372503398
2017-06-02,13657.73818300975,16528.027774287322,16746.266003086756
2017-06-05,13697.058245269109,16532.356645340526,16739.246389058568
2017-06-06,13691.323830589005,16506.002212316882,16692.247057654902
2017-06-07,13761.776030146637,16543.04984791301,16742.776730618527
2017-06-08,13847.791431146063,16613.28033232824,16831.640444440312
2017-06-09,13461.948881789138,16161.2324822139,16382.780952960411
2017-06-12,13316.950110592283,16032.221798216302,16253.180442586478
2017-06-13,13434.914393380846,16165.22087524602,16401.432255759573
2017-06-14,13379.209469976244,16073.197236808825,16314.730371797108
2017-06-15,13281.72278201032,15995.702150743837,16224.262028764788
2017-06-16,13285.819611698205,15967.814590234353,16209.988578938186
2017-06-19,13505.36577373638,16224.987423371525,16457.97124431589
2017-06-20,13421.807979028426,16090.558210619623,16323.206807438242
2017-06-21,13543.869091504872,16198.139662758726,16458.810219507515
2017-06-22,13576.63635618907,16217.655652478566,16472.789154919068
2017-06-23,13652.822151224706,16337.8294763879,16591.693024391843
2017-06-26,13593.839600229376,16245.572375607575,16503.39871894279
2017-06-27,13355.450970754484,15969.158367806522,16207.868695630059
2017-06-28,13471.778487752928,16186.8415658075,16452.181543928295
2017-06-29,13210.452199557629,15889.542732702677,16158.682222147236
2017-06-30,13187.51536003932,15872.859444158785,16132.673342427888
2017-07-03,13044.154993036782,15744.243001550558,15991.083014037884
2017-07-05,13122.797575161792,15894.301312614456,16139.765830124781
2017-07-06,13026.951748996476,15752.828270163103,15988.768870222531
2017-07-07,13171.130498894076,15960.592013742998,16209.428807938439
2017-07-10,13301.384451544192,16077.338920533313,16319.357088314955
2017-07-11,13405.423117883181,16140.947333111235,16388.360698332806
2017-07-12,13624.150897026297,16353.130367465592,16612.384632352645
2017-07-13,13638.07733267797,16397.92979421747,16637.880556479737
2017-07-14,13755.222413369378,16533.096701279035,16761.11168807886
2017-07-17,13735.561563037601,16538.377185026955,16771.459506009774
2017-07-18,13896.9451953797,16617.54675201637,16887.916600813038
2017-07-19,14005.898255099532,16723.022744795227,17004.99022377796
2017-07-20,14021.462275743424,16728.213540442666,17015.671410577772
2017-07-21,14011.632669779634,16703.486764613448,16998.891965502833
2017-07-24,14109.937740640617,16755.77940837054,17069.945453055
2017-07-25,14068.976816580649,16743.027037590924,17061.29643624737
2017-07-26,14132.054558859669,16774.181161158776,17105.73386735675
2017-07-27,14009.993446383221,16624.627098200108,16949.965660346643
2017-07-28,13973.129352011141,16600.286354544736,16908.871627805114
2017-07-31,13870.72908986647,16514.66094964273,16788.560895408795
2017-08-01,13908.414024739901,16603.783975280872,16860.371331544862
2017-08-02,13924.796428278854,16629.113794918612,16829.50750030576
2017-08-03,13943.638895715572,16584.95567681803,16769.414465562164
2017-08-04,13982.142213484063,16606.233479313505,16797.43355127088
2017-08-07,14121.40657000082,16703.349897731707,16895.21561253598
2017-08-08,14109.11771934136,16675.36529525698,16848.32550944417
2017-08-09,14037.027934791515,16665.56686489998,16787.65304034599
2017-08-10,13699.516670762676,16299.31341332899,16407.902870020047
2017-08-11,13797.82092242156,16424.069593373977,16539.53590942007
2017-08-14,14026.378307528466,16687.938171485217,16803.87227569571
2017-08-15,14063.24240190055,16713.06980796427,16793.055645266926
2017-08-16,14138.609814041123,16767.234249694586,16845.020642667783
2017-08-17,13883.018759728026,16435.722601718015,16504.21740197851
2017-08-18,13917.424428606537,16428.957487258846,16497.467498611368
2017-08-21,13907.59318423855,16417.965250830704,16483.820437213803
2017-08-22,14121.40657000082,16656.240297669512,16723.935681671253
2017-08-23,14142.705005324813,16628.95143428038,16680.86421396135
2017-08-24,14128.778569673137,16618.570208795893,16675.97815475734
2017-08-25,14097.648889981157,16605.2250960739,16644.820225716612
2017-08-28,14089.456049807488,16652.96221158384,16697.411311639145
2017-08-29,14132.054558859669,16717.620096515533,16765.94286172844
2017-08-30,14279.511755550093,16868.5307457896,16952.841766572925
2017-08-31,14397.477676742852,16994.719729820794,17118.08866022657
2017-09-01,14414.680920783157,16990.33237214161,17125.38698206461
2017-09-05,14330.30228557385,16840.336474785832,16978.33424600253
2017-09-06,14300.811829278282,16863.5891100547,17014.237638168852
2017-09-07,14400.753665929384,16944.91026079097,17097.671232517587
2017-09-08,14298.353403784713,16806.68971383664,16966.08464429577
2017-09-11,14551.486851806341,17061.676082130307,17194.390678551328
2017-09-12,14597.362169247152,17093.82731874999,17241.23231548805
2017-09-13,14578.520521012533,17065.078801967895,17238.816670092496
2017-09-14,14565.414106660111,17008.518447427174,17165.578411156897
2017-09-15,14620.29982796756,17059.309143654667,17202.384914290695
2017-09-18,14703.857622675514,17073.614008352568,17213.31735599051
2017-09-19,14708.773654460552,17129.877986542535,17244.149729685367
2017-09-20,14666.175145408371,17047.84127302524,17197.54963313849
2017-09-21,14576.062095518962,16952.619709393995,17095.418723441988
2017-09-22,14511.346768247726,16977.49017339283,17117.96193830623
2017-09-25,14205.78356680593,16734.50823349862,16874.988587302916
2017-09-26,14178.750716801835,16788.86236405517,16915.96753851596
2017-09-27,14417.138527074629,16993.31489419078,17152.352024964104
2017-09-28,14450.724174653886,17017.012548558985,17179.333179057576
2017-09-29,14543.294830834766,17135.70225819526,17301.93333675967
2017-10-02,14601.457360530843,17174.101154337874,17347.552740704235
2017-10-03,14703.039239780453,17220.817798726624,17387.68598053778
2017-10-04,14698.944048496762,17203.683788744955,17394.02157897848
2017-10-05,14820.185139673957,17366.274957456266,17558.387835645008
2017-10-06,14893.094126320962,17422.466316904127,17616.49763964045
2017-10-09,14879.986892766447,17455.825142039375,17626.96315802437
2017-10-10,14923.40378471369,17463.48534072878,17628.357412975456
2017-10-11,14991.39755877775,17538.581947931067,17698.786203828557
2017-10-12,15018.432047186037,17546.2466224182,17710.025243753764
2017-10-13,15072.499385598427,17628.236861877187,17780.039374569904
2017-10-16,15111.001064962724,17675.54697444953,17815.661874433703
2017-10-17,15074.956991889898,17671.025229867868,17799.881662217227
2017-10-18,15111.001064962724,17726.775631787645,17828.99355774398
2017-10-19,15067.584173015483,17662.747683107747,17763.54073558729
2017-10-20,15129.024330302285,17784.9782329019,17849.216718300133
2017-10-23,15035.635291226345,17715.253212373493,17736.786326783225
2017-10-24,15123.289915622181,17776.58457362014,17795.851380282333
2017-10-25,15000.410420250675,17710.373145755075,17726.136523079764
2017-10-26,15042.188908003602,17784.91945577943,17761.230185221935
2017-10-27,15316.62242975342,18248.59865611086,18283.301503107097
2017-10-30,15402.637830752847,18300.88316596632,18309.02204168512
2017-10-31,15559.923814204963,18383.61667296387,18400.16266111725
2017-11-01,15534.528549193084,18372.559962454387,18369.649680536597
2017-11-02,15501.761284508884,18384.8990266678,18354.31452292279
2017-11-03,15586.958302613253,18533.905293946053,18498.450560582634
2017-11-06,15663.963299746047,18606.8669563947,18578.564349561362
2017-11-07,15703.285819611698,18606.58938700168,18511.104616771452
2017-11-08,15769.640370279347,18708.93352639852,18611.719986368524
2017-11-09,15650.03686409437,18542.53373894382,18468.831105116467
2017-11-10,15728.681084623577,18539.57010992542,18477.859613291275
2017-11-13,15777.832391250922,18532.574895350965,18488.673009116883
2017-11-14,15729.499467518635,18502.17476079386,18471.747522354606
2017-11-15,15645.121651511427,18348.777208754276,18338.738796147576
2017-11-16,15889.243876464323,18600.1676178715,18606.197740544725
2017-11-17,15879.414270500532,18509.89816936694,18547.543233375018
2017-11-20,15907.265503399687,18576.343140268604,18605.358325980917
2017-11-21,16184.157450643073,18803.848912112368,18838.501566186504
2017-11-22,16153.026951748996,18755.81956251639,18816.242359033185
2017-11-24,16234.127140165478,18858.893235423446,18934.524872620786
2017-11-27,16141.558122388793,18837.956578015062,18913.771003744547
2017-11-28,16151.388547554681,18885.707556662892,18958.54255580567
2017-11-29,15582.043090030309,18398.66715069048,18493.781031475464
2017-11-30,15630.376013762592,18562.661847797615,18640.114550774
2017-12-04,14386.82723027771,18090.647189693496,18287.24745954709
2017-12-05,14345.866306217742,18124.397830034497,18303.648051953005
2017-12-06,14373.71999672319,18239.918131548504,18401.23120881821
2017-12-07,14487.58826902597,18371.397503105985,18542.149205984464
2017-12-08,14567.05169165233,18445.74148770693,18601.891130118718
2017-12-11,14754.648971901368,18591.135592560266,18711.24403854941
2017-12-12,14684.196772343736,18536.5425931982,18645.866313048
2017-12-13,14708.773654460552,18555.48603586105,18690.7257414516
2017-12-14,14689.112804128777,18538.767322884476,18674.034802895334
2017-12-15,14856.230031948884,18765.08690612053,18901.568082501046
2017-12-18,14956.991070697142,18924.712848082756,19076.829871973678
2017-12-19,14852.954042762349,18831.16699729623,18976.646528429057
2017-12-20,14829.195543540589,18811.963146051323,18939.379371562296
2017-12-21,14833.292373228474,18760.09101747696,18899.926529135322
2017-12-22,14791.513066273448,18736.077141544312,18869.42805402881
2017-12-26,14675.186368477105,18612.050694053425,18785.846683287313
2017-12-27,14662.898337019742,18643.043344611204,18814.204040600773
2017-12-28,14717.784877529286,18664.486030760687,18847.628137852826
2017-12-29,14642.419103792905,18550.388844637102,18713.2935753701
2018-01-02,14915.21340214631,18812.856164528763,19015.109701690453
2018-01-03,15148.685999836158,19018.568147561935,19230.723263196196
2018-01-04,15241.255017612844,19112.459188868103,19290.789511767514
2018-01-05,15377.242565740968,19325.67389459708,19497.58461486061
2018-01-08,15467.355615630377,19410.960903369494,19601.916841509115
2018-01-09,15450.97075448513,19354.21756293999,19569.68629990958
2018-01-10,15391.169001392642,19298.06441453925,19522.864483370053
2018-01-11,15484.558040468582,19420.15788226908,19695.866634547605
2018-01-12,15559.105431309903,19536.785201339044,19822.706808823892
2018-01-16,15448.513148193659,19444.45958104482,19714.870692064334
2018-01-17,15613.991152617351,19741.937559029324,19956.589319695577
2018-01-18,15664.782501843203,19774.963313803903,19968.815426247864
2018-01-19,15758.171540919144,19825.091753355668,20064.07137855601
2018-01-22,15869.583026132546,19975.18293355907,20254.385400698553
2018-01-23,15981.814532645203,20092.58509821161,20451.20297066149
2018-01-24,15855.65659048087,19910.716028549108,20282.747400985987
2018-01-25,15850.742197100024,19866.857229421097,20273.62555294115
2018-01-26,16022.773818300973,20190.1306014589,20576.656342191025
2018-01-29,15960.514458917014,20017.63384146439,20454.175313735894
2018-01-30,15802.409273367739,19815.215184823315,20299.795434715048
2018-01-31,15974.440894568688,19938.886231381006,20388.26285553895
2018-02-01,15876.13582370771,19942.466939491893,20307.210756619657
2018-02-02,15488.65405095437,19381.216564631057,19886.45972966499
2018-02-05,14888.997296633077,18615.678376522126,19148.277546518115
2018-02-06,15234.701400835585,19092.696605288023,19621.248224581053
2018-02-07,15122.469894322929,18872.05494803018,19415.2692112699
2018-02-08,14483.493077742278,18102.938026110558,18629.45823572847
2018-02-09,14764.480216269354,18517.57919235079,18949.960966219835
2018-02-12,14983.207176210371,18842.345581841008,19277.87767765839
2018-02-13,15096.255427213891,18907.412792461128,19366.052905176268
2018-02-14,15440.321127222085,19284.57267640539,19773.154787179647
2018-02-15,15761.448349307771,19645.587045357377,20121.120143379954
2018-02-16,15681.985745883509,19598.620622406164,20069.840591354732
2018-02-20,15718.030638158432,19652.155267753362,20130.023283269955
2018-02-21,15686.900958466453,19548.241807160266,20082.15902258514
2018-02-22,15713.93380847055,19557.537549485758,20071.049605785884
2018-02-23,16006.38977635783,19957.30499973197,20450.923639205866
2018-02-26,16150.569345457523,20253.417498980838,20711.309956918085
2018-02-27,15971.164086180059,20060.872000228177,20489.83992669035
2018-02-28,15857.294994675185,19932.217013039823,20376.056383317864
2018-03-01,15667.240108134676,19622.67864304566,20110.877654094085
2018-03-02,15843.36855902351,19841.947865790873,20363.499646946853
2018-03-05,15953.142459244695,20036.820978402186,20582.950099952777
2018-03-06,16041.616285737691,20114.199968084227,20718.043823970624
2018-03-07,16205.455885967067,20239.89798615511,20865.199090071095
2018-03-08,16283.280904399115,20321.095476840645,20939.542591070218
2018-03-09,16534.77512902433,20718.662249433753,21336.644893350232
2018-03-12,16570.82084050135,20786.711105234022,21433.303546497085
2018-03-13,16394.69157041042,20539.53495016731,21194.42380476211
2018-03-14,16388.957974932415,20540.77021116301,21219.48066232479
2018-03-15,16411.076431555663,20543.509770558027,21187.77037708627
2018-03-16,16402.88441058409,20532.962311148818,21170.845618910214
2018-03-19,16130.908495125746,20118.71283100479,20757.274616046212
2018-03-20,16254.607192594414,20139.894742761833,20842.53078461369
2018-03-21,16224.297534201687,20044.312533121945,20763.406064197115
2018-03-22,15768.821987384288,19511.650514646888,20227.90155023338
2018-03-23,15385.434586712541,18985.387262283908,19698.633625559047
2018-03-26,15956.419267633322,19710.484810452726,20400.784056142533
2018-03-27,15370.68894896371,19042.85891506247,19684.29162820824
2018-03-28,15144.589170148272,18855.074029696993,19433.266321999334
2018-03-29,15459.162775456703,19262.465727002596,19826.887939705754
2018-04-02,15029.082493651184,18785.647150016517,19260.47612892391
2018-04-03,15216.679773900221,18965.655476710977,19448.28882095396
2018-04-04,15429.67068075694,19216.268533368544,19711.184046231876
2018-04-05,15521.422954042762,19293.568158334514,19830.802932017774
2018-04-06,15145.40919144753,18818.757380093506,19345.673999840958
2018-04-09,15237.159007127057,18949.072447111936,19456.38784805336
2018-04-10,15613.172769722289,19416.04143946154,19921.53321187101
2018-04-12,14225.444417137705,19577.336186907578,20148.8116162526
2018-04-13,14153.354632587858,19497.500592167675,20049.62729266181
2018-04-16,14207.421971000245,19631.91971823601,20181.381476930415
2018-04-17,14404.030474318011,20035.400488239276,20659.763116094393
2018-04-18,14476.940280167117,20003.164889288033,20683.232740756703
2018-04-19,14365.527156549519,19771.56938955438,20488.64871321052
2018-04-20,14163.18505775375,19490.703512335836,20204.997339247577
2018-04-23,14088.637666912426,19409.02662175381,20106.952732702306
2018-04-24,13783.894486769885,19044.17131363451,19692.131109073995
2018-04-25,13687.228639305313,19000.221040390585,19647.807861659312
2018-04-26,13951.830916687146,19403.812139883576,20095.29435147027
2018-04-27,13991.971819447854,19318.766673560276,20085.670605468564
2018-04-30,13914.148439420005,19233.558276364896,19998.646894047404
2018-05-01,14044.399934463832,19480.455544045268,20246.077419968933
2018-05-02,14043.581551568772,19480.408558928328,20228.124669985453
2018-05-03,14063.24240190055,19536.852843983925,20260.53462161465
2018-05-04,14294.256574096831,19900.198802292776,20612.215521829414
2018-05-07,14473.661833374292,20068.34421003375,20815.45757935861
2018-05-08,14528.550012288031,20144.214882781744,20872.044406074816
2018-05-09,14678.462357663633,20410.087660709363,21127.039401244077
2018-05-10,14839.845990005731,20655.087136360515,21313.671521866177
2018-05-11,14804.621119030064,20585.51795105852,21257.030752537037
2018-05-14,14815.269107888915,20562.27041561686,21232.640545101745
2018-05-15,14626.03424264766,20384.18418582433,21045.186738743258
2018-05-16,14705.496846071925,20469.172924639264,21163.090296728064
2018-05-17,14649.790284263128,20380.25959442799,21105.856579962743
2018-05-18,14641.598263291553,20302.108223003946,21042.31612171745
2018-05-21,14721.88170721717,20459.169801850447,21185.28288235419
2018-05-22,14657.983124436798,20392.297160945185,21101.901747220425
2018-05-23,14792.33144916851,20558.97556680799,21294.647746686598
2018-05-24,14781.683460309658,20540.223841067214,21301.502992152586
2018-05-25,14793.970672564921,20545.19057785039,21333.101159582333
2018-05-29,14697.304825100351,20421.464998646672,21263.077983285733
2018-05-30,14833.292373228474,20575.080735066007,21435.782785397732
2018-05-31,14780.044236913249,20566.758634752132,21427.658975681876
2018-06-01,15049.56172687802,20956.432106743534,21795.11235657755
2018-06-04,15183.091668714671,21128.734718252777,21984.205819438946
2018-06-05,15234.701400835585,21236.09743191697,22132.68651904076
2018-06-06,15377.242565740968,21353.11127808072,22250.825573141563
2018-06-07,15201.932497747195,21105.41146006026,21997.941764120907
2018-06-08,15232.243794544112,21120.32411334263,22017.350587354198
2018-06-11,15301.876792004587,21129.19253533622,22044.241762679547
2018-06-12,15401.819447857784,21269.78151090557,22210.225991135627
2018-06-13,15382.157778323912,21231.85177734807,22203.125583788707
2018-06-14,15481.28205128205,21367.73511330056,22414.471351595177
2018-06-15,15398.542639469157,21287.06591737387,22352.6026436529
2018-06-18,15465.716392233962,21346.40100828232,22425.898143296108
2018-06-19,15295.32235602523,21190.68881789383,22330.52415376332
2018-06-20,15358.40009830425,21262.724452856848,22479.58730692648
2018-06-21,15192.102891783405,21078.025812924978,22242.62071736736
2018-06-22,15037.274514622755,20978.671662412933,22117.836165692785
2018-06-25,14643.237486687965,20486.997686850176,21540.055201317373
2018-06-26,14724.339313508643,20591.35214800787,21687.436297777826
2018-06-27,14450.724174653886,20273.281949995584,21300.447587662547
2018-06-28,14645.695092979437,20497.51877563387,21545.21029690977
2018-06-29,14656.34553944458,20502.66749770682,21551.88729045678
2018-07-02,14764.480216269354,20719.37197538723,21774.267436764152
2018-07-03,14621.939051363972,20463.644652767773,21539.58040147739
2018-07-05,14731.71131318096,20760.7054939361,21836.78104277459
2018-07-06,14951.256656017038,21020.537773992743,22127.465154120273
2018-07-09,15082.328991562217,21190.388514460945,22318.158282861637
2018-07-10,15111.821905464078,21232.22388182925,22321.778741857404
2018-07-11,15043.827312197918,21123.629990258865,22242.787474754987
2018-07-12,15312.524780863438,21507.32226331952,22620.707738192676
2018-07-13,15321.536003932168,21488.168490441178,22596.230952391335
2018-07-16,15269.926271811255,21413.828346849332,22516.29409176877
2018-07-17,15409.19062832801,21595.611165953113,22692.57061426543
2018-07-18,15390.350618497583,21584.798757609362,22672.714278317704
2018-07-19,15315.801589252067,21522.720691282397,22597.32911588486
2018-07-20,15308.429589579748,21525.32101678726,22584.72932421667
2018-07-23,15325.632833620051,21620.720192122284,22642.617847106558
2018-07-24,15286.3111329565,21667.26785900839,22641.395194080975
2018-07-25,15559.105431309903,21987.43758810076,22969.163331144202
2018-07-26,15464.897190136806,21689.934105600634,22629.719274237654
2018-07-27,15194.560498074872,21243.73824803524,22186.385615318435
2018-07-30,14811.992299500285,20845.760315322186,21734.33146662357
2018-07-31,14876.710084377815,20908.367408028782,21828.98817784229
2018-08-01,14952.89587941345,21110.821989402048,21997.358382906375
2018-08-02,15145.40919144753,21419.27399936819,22335.891508484936
2018-08-03,15143.769968051118,21465.641354009098,22321.769764996057
2018-08-06,15201.932497747195,21612.636078365344,22505.20921241703
2018-08-07,15314.16400425985,21691.222027153894,22595.475626890264
2018-08-08,15308.429589579748,21744.39399301703,22647.356529673994
2018-08-09,15274.023101499139,21760.26185254325,22673.17101854247
2018-08-10,15171.622839354468,21601.92339100999,22523.41891659428
2018-08-13,15065.125747521912,21559.585120427597,22479.069961166057
2018-08-14,15122.469894322929,21694.550987781688,22630.427626647244
2018-08-15,14843.942819693615,21456.55843263748,22328.129699763947
2018-08-16,14868.518063406242,21520.524166653147,22370.17326623537
2018-08-17,14745.637748832636,21562.55027186278,22376.570435269474
2018-08-20,14770.214630949453,21544.85983199957,22380.93870328118
2018-08-21,14884.90210534939,21585.56875620426,22491.701355476147
2018-08-22,15024.166461866142,21697.3286560121,22637.80016560995
2018-08-23,15032.358482837715,21740.797517402392,22648.09084746509
2018-08-24,15302.695174899647,21997.6255581077,22909.92073507977
2018-08-27,15450.152371590071,22197.053080016733,23111.007546760837
2018-08-28,15499.303678217419,22251.179585057715,23162.725211638757
2018-08-29,15654.952895879413,22465.040392630017,23431.670481864414
2018-08-30,15540.262963873189,22399.382656448124,23385.18239964373
2018-08-31,15548.455804046858,22437.622382034297,23446.851326537282
2018-09-04,15564.839845990005,22388.84058198305,23406.967023962967
2018-09-05,15245.35184730073,22035.654878164485,22993.271781020736
2018-09-06,15155.23879741132,21869.235815729946,22790.628809555696
2018-09-07,15106.087490783973,21813.76417746652,22747.4418423908
2018-09-10,15163.430818382896,21888.674581800413,22817.051734692574
2018-09-11,15319.080036044892,22060.285316751415,23011.665154255385
2018-09-12,15302.695174899647,21968.11724238513,22945.712681910023
2018-09-13,15458.344392561643,22197.768389958226,23128.264568685772
2018-09-14,15548.455804046858,22213.951470449883,23129.58381675154
2018-09-17,15278.119111984926,21876.31730238137,22709.919686066867
2018-09-18,15360.039321700662,22009.64925072787,22903.756647175516
2018-09-19,15286.3111329565,21953.35736873649,22829.330485285955
2018-09-20,15417.383468501679,22204.65774008154,23077.383333083162
2018-09-21,15351.847300729087,22119.328894435483,22939.016207124107
2018-09-24,15409.19062832801,22207.30116127816,23033.572524758954
2018-09-25,15515.688539362658,22241.340867141662,23129.04751624191
2018-09-26,15482.919636274268,22165.725691433272,23077.194399436485
2018-09-27,15564.839845990005,22304.188652326164,23220.757226597034
2018-09-28,15573.03186696158,22345.524381876075,23248.197729884094
2018-10-01,15654.952895879413,22368.675456345463,23208.205119854785
2018-10-02,15540.262963873189,22322.95935717074,23056.825834620086
2018-10-03,15556.647825018428,22427.72593601087,23147.71279727842
2018-10-04,15196.198083067091,21993.35921373347,22635.651457618136
2018-10-05,15015.974440894566,21724.64251285822,22330.707248157487
2018-10-08,14737.44572786106,21458.32517847382,22048.97637701796
2018-10-09,14753.829769804212,21489.951057576913,22067.956561190855
2018-10-10,13975.586958302614,20479.722708020363,21002.258828430786
2018-10-11,13828.130580814288,20278.2719856729,20795.049980906315
2018-10-12,14311.459818137135,20862.119329093483,21390.98266315895
2018-10-15,14098.467272876216,20577.414121197435,21143.326508176513
2018-10-16,14589.98853117064,21214.95458655782,21834.513856851696
2018-10-17,14549.02924551487,21135.329768537256,21787.6771978771
2018-10-18,14147.620217907757,20670.125321782085,21254.910541461613
2018-10-19,14024.740722536248,20615.918973243784,21112.549467858393
2018-10-22,14155.813058081427,20770.657150430696,21275.936988984904
2018-10-23,13983.779798476284,20699.17892442997,21181.033980505956
2018-10-24,13279.265175718849,19761.159571684213,20142.624221162074
2018-10-25,13729.8271483575,20409.671137163543,20870.002726924264
2018-10-26,13385.762267551405,19992.611496219106,20342.058138305165
2018-10-29,13090.849512574752,19566.508877169974,19845.382197213246
2018-10-30,13271.07479315147,19865.086588780017,20157.655047551827
2018-10-31,13631.522077496516,20392.340283534762,20697.374808316923
2018-11-01,13860.89948390268,20624.14829220755,21072.698861535144
2018-11-02,13688.866224297533,20288.610432859943,20810.545467475542
2018-11-05,13549.603506184976,20173.680608491628,20654.890160803887
2018-11-06,13582.37077086917,20304.02197620124,20791.848619870943
2018-11-07,14008.355861391005,20870.707992211264,21428.472092626413
2018-11-08,13819.940198246904,20761.339249678742,21310.76883022676
2018-11-09,13492.257720979767,20388.961863190325,20888.374516177188
2018-11-12,13033.505365773735,19711.07443762722,20189.511785056577
2018-11-13,13066.27344966003,19725.549969011045,20201.45566538221
2018-11-14,12959.777177029573,19554.32306599198,20028.008365835936
2018-11-15,13246.497911034654,19993.691922587404,20446.994104356687
2018-11-16,13066.27344966003,19929.10480044804,20332.812142752886
2018-11-19,12501.024002621445,19130.95188319536,19476.716192660544
2018-11-20,12320.799541246824,18827.23761808742,19205.469871785528
2018-11-21,12509.21602359302,18998.95184510159,19424.642901933257
2018-11-23,12386.335709019415,18837.891442247266,19299.04430241628
2018-11-26,12714.016547882362,19277.49007080453,19774.926691092744
2018-11-27,12722.208568853936,19267.226265075875,19742.607208125544
2018-11-28,13197.346604407307,19915.226233964775,20455.52284449497
2018-11-29,13172.769722290486,19806.997776215507,20378.394352841457
2018-11-30,13230.113869091505,20010.309860180925,20575.859022624376
2018-12-03,13426.721553207175,20416.94662167243,20979.460620051013
2018-12-04,12927.009093143277,19624.556498408587,20101.421084611007
2018-12-06,12992.545260915867,19682.584484236526,20261.809563015086
2018-12-07,12533.792086507741,19004.081980778956,19586.43311103982
2018-12-10,12673.056443024494,19255.606674586932,19816.963989114072
2018-12-11,12689.440484967641,19262.252244362273,19846.857529709097
2018-12-12,12787.744736626524,19434.893644709326,20078.75430616214
2018-12-13,12812.320799541247,19439.314409484483,20004.002444753645
2018-12-17,11124.764479397067,18530.047963245503,19480.694236250707
2018-12-18,11214.876710084378,18689.682066007186,19682.922795909584
2018-12-19,11018.268206766608,18345.300885714267,19229.085624516687
2018-12-20,10805.275661505693,17996.67030667551,18877.794311504487
2018-12-21,10461.210780699597,17442.89196409462,18184.01201739712
2018-12-24,10182.682067666092,16996.14746087761,17809.175768317957
2018-12-26,10821.65970344884,18015.670062620266,18956.724302808703
2018-12-27,10911.77193413615,18164.59311341422,19055.939050076937
2018-12-28,10887.19587122143,18135.245345416617,19055.351961274242
2018-12-31,10993.692143851888,18312.23136280237,19201.76816428869
